sample,tipo_representacao,target_class,iou_top_k,ssim,seed,y_true,y_pred,acerto_ensemble
0,orig,0,0.11350271829579496,0.37864751970394417,7,0,0,True
1,orig,0,0.11239193083573487,0.3813832594670814,7,0,0,True
2,orig,0,0.08873942286830115,0.35085660054178835,7,0,0,True
3,orig,0,0.08567719601903938,0.3291748152780076,7,0,0,True
4,orig,0,0.09947414548641542,0.17713984908649053,7,0,0,True
5,orig,0,0.08462120393385929,0.2572643196989255,7,0,0,True
6,orig,0,0.08462120393385929,0.40152916223962065,7,0,0,True
7,orig,0,0.09015859222246361,0.28684631439114766,7,0,0,True
8,orig,0,0.07440316882560753,0.3860098733853756,7,0,0,True
9,orig,0,0.08767746829955565,0.3918576998022798,7,0,0,True
10,orig,0,0.08169864194869585,0.44069072287671485,7,0,0,True
11,orig,0,0.09551359021940836,0.13227493633898108,7,0,0,True
12,orig,0,0.08298262652422575,0.4240726026289194,7,0,0,True
13,orig,0,0.07016421411814885,0.36511588102140813,7,0,0,True
14,orig,0,0.08509028003027354,0.4120252040056805,7,0,0,True
15,orig,0,0.0666383250079711,0.3861744554691645,7,0,0,True
16,orig,0,0.10092145677928917,0.18650044548462358,7,0,0,True
17,orig,0,0.08638233383849318,0.14644188748848772,7,0,0,True
18,orig,0,0.08018512539016252,0.38098480127765505,7,0,0,True
19,orig,0,0.11461572634384717,0.4896839285822145,7,0,0,True
0,orig,0,0.09170020667899488,0.4135774058379692,12,0,0,True
1,orig,0,0.09122539958682178,0.24984799786481657,12,0,1,False
2,orig,0,0.07199316385387737,0.3812275248641358,12,0,0,True
3,orig,0,0.09611183923110529,0.3445816679451236,12,0,0,True
4,orig,0,0.0813489925654563,0.3501512121883292,12,0,0,True
5,orig,0,0.0907510053255081,0.3921364880431459,12,0,0,True
6,orig,0,0.07440316882560753,0.4643456144350487,12,0,0,True
7,orig,0,0.09515495416848538,0.1867712916956287,12,0,0,True
8,orig,0,0.0813489925654563,0.46310066343112083,12,0,0,True
9,orig,0,0.08204851752021564,0.31985064102285027,12,0,0,True
10,orig,0,0.076939585792467,0.5500948219162637,12,0,0,True
11,orig,0,0.060663707461424646,0.43780930755340475,12,0,1,False
12,orig,0,0.08111601852849294,0.27895339378476286,12,0,0,True
13,orig,0,0.06527969429996816,0.38598873658033417,12,0,0,True
14,orig,0,0.09467713787085515,0.35810374458733074,12,0,0,True
15,orig,0,0.06302298485329944,0.3286826738673014,12,0,0,True
16,orig,0,0.0680004256677663,0.26516851157875265,12,0,0,True
17,orig,0,0.062122975976293786,0.3430111061364159,12,0,1,False
18,orig,0,0.10116304586350669,0.41389511345645247,12,0,0,True
19,orig,0,0.13606520262621688,0.3198967393733304,12,0,0,True
0,orig,0,0.08555976203353163,0.42753224584836785,42,0,0,True
1,orig,0,0.0937227550130776,0.33980215838977634,42,0,1,False
2,orig,0,0.09336529033663797,0.33191724764947944,42,0,0,True
3,orig,0,0.09791051307296794,0.40682560280358065,42,0,0,True
4,orig,0,0.08649994586987117,0.348416718093745,42,0,0,True
5,orig,0,0.09384196185286103,0.33911874161889893,42,0,0,True
6,orig,0,0.10213046343070503,0.292005823469815,42,0,0,True
7,orig,0,0.11054553502268452,0.3841542515541128,42,0,0,True
8,orig,0,0.08274894810659186,0.3075276673523595,42,0,0,True
9,orig,0,0.08649994586987117,0.4762624433997631,42,0,0,True
10,orig,0,0.10334212840809147,0.4352183295781459,42,0,0,True
11,orig,0,0.06178586542530681,0.3981823996348558,42,0,0,True
12,orig,0,0.08649994586987117,0.48837626871831,42,0,0,True
13,orig,0,0.08193186718413109,0.2966183979663656,42,0,0,True
14,orig,0,0.08885754583921016,0.42264023750938523,42,0,0,True
15,orig,0,0.07417317778015627,0.34009942775818014,42,0,0,True
16,orig,0,0.07256599337394463,0.32685391355816606,42,0,0,True
17,orig,0,0.07728638900815801,0.6134897262022914,42,0,1,False
18,orig,0,0.08485569127661874,0.3468783623807571,42,0,0,True
19,orig,0,0.09731029958451783,0.365260039286959,42,0,0,True
0,orig,0,0.09004018681438036,0.41330363698335315,65,0,0,True
1,orig,0,0.10104223806911684,0.2876537819850721,65,0,0,True
2,orig,0,0.0925321140866536,0.43354180326941677,65,0,0,True
3,orig,0,0.09719033562916804,0.45638151277908734,65,0,0,True
4,orig,0,0.09419973833406019,0.430295562570638,65,0,0,True
5,orig,0,0.11921489907438385,0.4274352685816243,65,0,0,True
6,orig,0,0.0908695652173913,0.367381477786312,65,0,0,True
7,orig,0,0.0907510053255081,0.34450487698070686,65,0,0,True
8,orig,0,0.0713065755764304,0.3307465695116206,65,0,0,True
9,orig,0,0.09491599389046476,0.368338096337575,65,0,0,True
10,orig,0,0.08193186718413109,0.3081683057463744,65,0,0,True
11,orig,0,0.06010351748177881,0.6692436352907526,65,0,0,True
12,orig,0,0.09683060109289618,0.3096173778383147,65,0,0,True
13,orig,0,0.0737134909596662,0.3273008531708482,65,0,0,True
14,orig,0,0.1096859796550199,0.42070278684122847,65,0,0,True
15,orig,0,0.10080070198530218,0.3184007166796883,65,0,0,True
16,orig,0,0.07142094587381231,0.4539845899220753,65,0,0,True
17,orig,0,0.0782122905027933,0.3365612852359193,65,0,0,True
18,orig,0,0.10067997367843826,0.4132113663251491,65,0,0,True
19,orig,0,0.08614718614718615,0.6206975223467636,65,0,0,True
0,orig,0,0.08298262652422575,0.2472058017512542,87,0,0,True
1,orig,0,0.10031794759346563,0.31491522650287945,87,0,0,True
2,orig,0,0.12637485970819304,0.14028107128070286,87,0,0,True
3,orig,0,0.11288534043025061,0.2902602562186827,87,0,0,True
4,orig,0,0.11412078152753108,0.28282631137379866,87,0,0,True
5,orig,0,0.12309758281110117,0.1608179474522325,87,0,0,True
6,orig,0,0.10080070198530218,0.41590929385155007,87,0,0,True
7,orig,0,0.11313220940550132,0.17301118000214083,87,0,0,True
8,orig,0,0.07153534059363656,0.5061461124196557,87,0,0,True
9,orig,0,0.103220842035836,0.3779562337068322,87,0,0,True
10,orig,0,0.10944063674552289,0.2648771691228862,87,0,0,True
11,orig,0,0.08169864194869585,0.13630196987871518,87,0,0,True
12,orig,0,0.09241319255469685,0.3925509162797571,87,0,0,True
13,orig,0,0.09479655285262355,0.11017202638661527,87,0,0,True
14,orig,0,0.08216519301272375,0.41160951905294235,87,0,0,True
15,orig,0,0.07578518597920463,0.3782934578669842,87,0,0,True
16,orig,0,0.1030995823257859,0.16696304672757445,87,0,0,True
17,orig,0,0.11498722364181757,0.21877035846005485,87,0,0,True
18,orig,0,0.10846034901700906,0.3149349088505746,87,0,0,True
19,orig,0,0.12916291629162915,0.07244883739371202,87,0,0,True
0,orig,0,0.08567719601903938,0.3163675624587638,93,0,0,True
1,orig,0,0.09971509971509972,0.33559110997213415,93,0,0,True
2,orig,0,0.08720615317950385,0.4353729765765676,93,0,0,True
3,orig,0,0.08626474726702024,0.35502390905722986,93,0,0,True
4,orig,0,0.1037061475860552,0.31727586323806845,93,0,0,True
5,orig,0,0.11202216066481994,0.34180795492275373,93,0,0,True
6,orig,0,0.11042265988050454,0.3288901004139141,93,0,0,True
7,orig,0,0.09205658324265506,0.3707526125410946,93,0,0,True
8,orig,0,0.05708868759216347,0.2808235540382744,93,0,0,True
9,orig,0,0.09719033562916804,0.3326232787239894,93,0,0,True
10,orig,0,0.08638233383849318,0.48017749292835327,93,0,0,True
11,orig,0,0.07636207636207636,0.3673107581868946,93,0,0,True
12,orig,0,0.0969504863919554,0.38289640645850903,93,0,0,True
13,orig,0,0.06720544449170565,0.2897294859658397,93,0,0,True
14,orig,0,0.08708838821490468,0.43969758742028286,93,0,0,True
15,orig,0,0.07879178759539933,0.30771817633432186,93,0,0,True
16,orig,0,0.08968512486427796,0.33098592807397254,93,0,0,True
17,orig,0,0.07440316882560753,0.31503230625265916,93,0,0,True
18,orig,0,0.07844401461422738,0.38679039478272803,93,0,0,True
19,orig,0,0.09587246123607775,0.26663300945787244,93,0,0,True
0,orig,0,0.1044349070100143,0.33116303273217457,107,0,0,True
1,orig,0,0.113997113997114,0.23023519703308035,107,0,1,False
2,orig,0,0.09146275149537793,0.2684030564697558,107,0,0,True
3,orig,0,0.10334212840809147,0.2840335331025761,107,0,0,True
4,orig,0,0.09312711033656465,0.28414556092673093,107,0,0,True
5,orig,0,0.09146275149537793,0.24832292988001206,107,0,0,True
6,orig,0,0.1096859796550199,0.23921269273724924,107,0,0,True
7,orig,0,0.09707039790118059,0.3491399313066529,107,0,0,True
8,orig,0,0.08426966292134831,0.3170273245456528,107,0,0,True
9,orig,0,0.0740582191780822,0.34223009040632174,107,0,0,True
10,orig,0,0.10674900749889722,0.6107088791217099,107,0,0,True
11,orig,0,0.08509028003027354,0.3030036670911184,107,0,0,True
12,orig,0,0.10674900749889722,0.38615652335618994,107,0,0,True
13,orig,0,0.08473843493298747,0.3867463028450482,107,0,0,True
14,orig,0,0.0969504863919554,0.3206780239439797,107,0,0,True
15,orig,0,0.10846034901700906,0.3551059888673502,107,0,0,True
16,orig,0,0.11834187653220414,0.1934285113691338,107,0,0,True
17,orig,0,0.0854423534501406,0.32564448870945434,107,0,0,True
18,orig,0,0.14749599817059228,0.18844459984517375,107,0,0,True
19,orig,0,0.09587246123607775,0.2600889407507483,107,0,0,True
0,orig,0,0.10019732514799386,0.246510181735364,121,0,0,True
1,orig,0,0.1158550144540805,0.3237151787663394,121,0,0,True
2,orig,0,0.0950354609929078,0.4241591850410222,121,0,0,True
3,orig,0,0.09419973833406019,0.4118348180739067,121,0,0,True
4,orig,0,0.09027702335687127,0.28210390571749183,121,0,0,True
5,orig,0,0.09923329682365827,0.28836702597624325,121,0,0,True
6,orig,0,0.09611183923110529,0.27793231458778994,121,0,0,True
7,orig,0,0.08415253321810522,0.26952631283201745,121,0,0,True
8,orig,0,0.06902428632296549,0.28645175614877444,121,0,0,True
9,orig,0,0.08462120393385929,0.4360101261381109,121,0,0,True
10,orig,0,0.11313220940550132,0.5446456467727364,121,0,0,True
11,orig,0,0.10552985239039436,0.3969146378572386,121,0,0,True
12,orig,0,0.0882671871611364,0.39301940199421864,121,0,0,True
13,orig,0,0.06982198059908325,0.24757422967218518,121,0,0,True
14,orig,0,0.0925321140866536,0.34234013004620456,121,0,0,True
15,orig,0,0.09158146617359147,0.35210173093844954,121,0,0,True
16,orig,0,0.08685293480615118,0.20845313736780344,121,0,0,True
17,orig,0,0.07520891364902507,0.3705246151441276,121,0,0,True
18,orig,0,0.07879178759539933,0.45220764849013534,121,0,0,True
19,orig,0,0.1034634414513469,0.39503812242092406,121,0,0,True
