dataset,seed,branch,sample,categoria,confianca,margem,acertou,complexidade_heatmap,ssim_vs_grupo_confiante,ensemble_salvaria
displasia,7,mobilenet_orig,34,acerto_confiante,0.9998335838317872,0.9996671566914304,True,0.6110841230971362,,False
displasia,7,mobilenet_orig,8,acerto_confiante,0.999730110168457,0.9994601974613033,True,0.5904950243564245,,False
displasia,7,mobilenet_orig,26,acerto_confiante,0.9995479583740234,0.9990959069109523,True,0.6447261001350907,,False
displasia,7,mobilenet_orig,44,acerto_confiante,0.999446451663971,0.9988928641541861,True,0.6179536120841305,,False
displasia,7,mobilenet_orig,25,acerto_confiante,0.998835027217865,0.9976701078703628,True,0.699037051724266,,False
displasia,7,mobilenet_orig,24,acerto_confiante,0.9986982941627502,0.9973966073011981,True,0.6458653026050367,,False
displasia,7,mobilenet_orig,45,acerto_confiante,0.9986751675605774,0.9973503609653563,True,0.6532044392329471,,False
displasia,7,mobilenet_orig,42,acerto_confiante,0.9982293248176576,0.9964586197165773,True,0.6223453256530477,,False
displasia,7,mobilenet_recplot,0,fronteira,0.5387073159217834,0.07741460204124456,False,0.6097875718909449,0.5015617952292434,True
displasia,7,mobilenet_recplot,16,fronteira,0.531333863735199,0.06266772747039795,False,0.6283293192128692,0.5461206612724285,True
displasia,7,mobilenet_recplot,25,fronteira,0.5421270132064819,0.08425399661064154,True,0.5798238234762456,0.468849275047683,False
displasia,7,mobilenet_recplot,35,fronteira,0.52988600730896,0.059771955013275146,True,0.5910262225872125,0.5415845243090004,False
displasia,7,mobilenet_recplot,2,acerto_confiante,0.9948561191558838,0.9897122341208161,True,0.6246775838124252,,False
displasia,7,mobilenet_recplot,20,acerto_confiante,0.9943172335624696,0.988634458743036,True,0.626365833514682,,False
displasia,7,mobilenet_recplot,37,acerto_confiante,0.9923755526542664,0.9847511146217586,True,0.6172644206281946,,False
displasia,7,mobilenet_recplot,8,acerto_confiante,0.9917880296707152,0.9835760332643986,True,0.6352885163713455,,False
displasia,7,mobilenet_recplot,11,acerto_confiante,0.991429328918457,0.982858636416495,True,0.6103045942722656,,False
displasia,7,mobilenet_recplot,7,acerto_confiante,0.9906612038612366,0.9813224328681827,True,0.6074292651966804,,False
displasia,7,mobilenet_recplot,41,acerto_confiante,0.9905349016189576,0.9810698106884959,True,0.6153140084153133,,False
displasia,7,mobilenet_recplot,23,acerto_confiante,0.9890978932380676,0.9781957650557161,True,0.6256452551685983,,False
displasia,7,mobilenet_recplot,43,erro_confiante,0.9113133549690248,0.8226267099380494,False,0.6455185884705119,0.6077718565967024,True
displasia,7,mobilenet_recplot,26,erro_confiante,0.6749541759490967,0.3499083817005158,False,0.6152749836949606,0.5373490951010287,True
displasia,7,mobilenet_recplot,10,erro_confiante,0.6304803490638733,0.2609606981277466,False,0.624473139250752,0.511216590176979,True
displasia,7,mobilenet_recplot,0,erro_confiante,0.5387073159217834,0.07741460204124456,False,0.6097875718909449,0.5015617952292434,True
displasia,7,mobilenet_recplot,16,erro_confiante,0.531333863735199,0.06266772747039795,False,0.6283293192128692,0.5461206612724285,True
displasia,7,effnet_orig,21,fronteira,0.5214422345161438,0.042884498834609985,False,0.6244669232184827,0.33748271979147804,True
displasia,7,effnet_orig,26,acerto_confiante,0.9998794198036194,0.9997588499754784,True,0.5505455572361241,,False
displasia,7,effnet_orig,24,acerto_confiante,0.99969744682312,0.999394839425804,True,0.5986944827034023,,False
displasia,7,effnet_orig,23,acerto_confiante,0.9995335340499878,0.9990670304978267,True,0.7058071293178841,,False
displasia,7,effnet_orig,32,acerto_confiante,0.9991946816444396,0.9983893346507102,True,0.5841971207260995,,False
displasia,7,effnet_orig,22,acerto_confiante,0.9989811778068542,0.9979623424587771,True,0.6162193761341662,,False
displasia,7,effnet_orig,36,acerto_confiante,0.998835027217865,0.9976701034465805,True,0.5797983545783866,,False
displasia,7,effnet_orig,39,acerto_confiante,0.9982889890670776,0.9965779830235988,True,0.5877521709651403,,False
displasia,7,effnet_orig,44,acerto_confiante,0.9974265098571776,0.9948530164547265,True,0.6005980860963535,,False
displasia,7,effnet_orig,7,erro_confiante,0.7871268391609192,0.574253648519516,False,0.5945855822098536,0.28028224391102835,True
displasia,7,effnet_orig,14,erro_confiante,0.6846829652786255,0.3693658709526062,False,0.6829981969415105,0.392444385313575,True
displasia,7,effnet_orig,20,erro_confiante,0.6298729181289673,0.25974583625793457,False,0.6317996218006431,0.3492647750542465,True
displasia,7,effnet_orig,11,erro_confiante,0.623230516910553,0.2464610636234284,False,0.5618567810126364,0.2496438595103392,True
displasia,7,effnet_orig,21,erro_confiante,0.5214422345161438,0.042884498834609985,False,0.6244669232184827,0.33748271979147804,True
displasia,7,effnet_recplot,27,acerto_confiante,0.9994149208068848,0.9988297830568627,True,0.600814893940082,,False
displasia,7,effnet_recplot,23,acerto_confiante,0.999350368976593,0.9987007401068695,True,0.6583124665007093,,False
displasia,7,effnet_recplot,13,acerto_confiante,0.9992581009864808,0.9985161946970039,True,0.622563571391515,,False
displasia,7,effnet_recplot,7,acerto_confiante,0.9992360472679138,0.9984720672946424,True,0.6011353731765131,,False
displasia,7,effnet_recplot,4,acerto_confiante,0.9987831115722656,0.9975662066135557,True,0.6028837549721575,,False
displasia,7,effnet_recplot,15,acerto_confiante,0.9986695051193236,0.9973390009254216,True,0.6164163229154016,,False
displasia,7,effnet_recplot,24,acerto_confiante,0.9986177682876588,0.9972354909405114,True,0.646602372014789,,False
displasia,7,effnet_recplot,11,acerto_confiante,0.9979581832885742,0.9959163670428098,True,0.5912634198279318,,False
displasia,7,effnet_recplot,34,erro_confiante,0.997239351272583,0.9944786743726582,False,0.6038345222521931,0.574550137638704,True
displasia,7,effnet_recplot,26,erro_confiante,0.9581310749053956,0.9162621125578883,False,0.6248138379254018,0.5748817626239291,True
displasia,7,effnet_recplot,32,erro_confiante,0.9474825859069824,0.8949651569128038,False,0.5706865667433636,0.4119313832589719,True
displasia,7,effnet_recplot,36,erro_confiante,0.8605629801750183,0.721125990152359,False,0.6104083569288519,0.41801979612741486,True
displasia,7,effnet_recplot,1,erro_confiante,0.7332031726837158,0.46640634536743164,False,0.5993591240604534,0.5457905732284666,False
displasia,7,effnet_recplot,35,erro_confiante,0.6943942308425903,0.38878849148750305,False,0.5688520718283522,0.46959233951846324,True
displasia,7,effnet_recplot,21,erro_confiante,0.6000997424125671,0.20019951462745667,False,0.6300328979644302,0.47878158428581447,True
displasia,12,mobilenet_orig,10,fronteira,0.5176107287406921,0.035221487283706665,False,0.6303740486353806,0.3488653617079465,True
displasia,12,mobilenet_orig,11,fronteira,0.5163565874099731,0.032713174819946345,False,0.624341479344031,0.3269934682654562,True
displasia,12,mobilenet_orig,20,fronteira,0.5093442797660828,0.01868858933448797,False,0.6250689723522087,0.33891394159709753,True
displasia,12,mobilenet_orig,28,fronteira,0.5313339233398438,0.06266784667968756,False,0.6267183421806883,0.332670002661221,True
displasia,12,mobilenet_orig,35,acerto_confiante,0.9990301728248596,0.9980603330768645,True,0.6115086164313229,,False
displasia,12,mobilenet_orig,25,acerto_confiante,0.9988645315170288,0.9977291112300009,True,0.6485488800386265,,False
displasia,12,mobilenet_orig,42,acerto_confiante,0.9988449811935424,0.9976899718167259,True,0.6088738648701996,,False
displasia,12,mobilenet_orig,26,acerto_confiante,0.9986478686332704,0.9972957476275044,True,0.6260532059699006,,False
displasia,12,mobilenet_orig,34,acerto_confiante,0.9986154437065125,0.9972308850847186,True,0.5991041604868542,,False
displasia,12,mobilenet_orig,24,acerto_confiante,0.9985278248786926,0.9970556373009458,True,0.6198254739520698,,False
displasia,12,mobilenet_orig,8,acerto_confiante,0.9982507824897766,0.9965015650959687,True,0.6044070533292369,,False
displasia,12,mobilenet_orig,41,acerto_confiante,0.9977176189422609,0.9954352197237315,True,0.6142386350259821,,False
displasia,12,mobilenet_orig,17,erro_confiante,0.5826778411865234,0.16535571217536926,False,0.5820425153063246,0.30469669673973926,True
displasia,12,mobilenet_orig,28,erro_confiante,0.5313339233398438,0.06266784667968756,False,0.6267183421806883,0.332670002661221,True
displasia,12,mobilenet_orig,10,erro_confiante,0.5176107287406921,0.035221487283706665,False,0.6303740486353806,0.3488653617079465,True
displasia,12,mobilenet_orig,11,erro_confiante,0.5163565874099731,0.032713174819946345,False,0.624341479344031,0.3269934682654562,True
displasia,12,mobilenet_orig,20,erro_confiante,0.5093442797660828,0.01868858933448797,False,0.6250689723522087,0.33891394159709753,True
displasia,12,mobilenet_recplot,0,fronteira,0.5305740237236023,0.06114807724952698,False,0.5878837112923488,0.4883216513285431,True
displasia,12,mobilenet_recplot,26,fronteira,0.5293306112289429,0.058661252260208185,True,0.6226451387177188,0.5379631679290684,False
displasia,12,mobilenet_recplot,34,fronteira,0.519359290599823,0.038718581199645996,True,0.5789168038839254,0.5551413503991106,False
displasia,12,mobilenet_recplot,8,acerto_confiante,0.993506669998169,0.9870133264921607,True,0.6234475201030069,,False
displasia,12,mobilenet_recplot,21,acerto_confiante,0.9920241832733154,0.9840483190491797,True,0.6039104657074291,,False
displasia,12,mobilenet_recplot,20,acerto_confiante,0.9880235195159912,0.9760470846667886,True,0.6014534082379301,,False
displasia,12,mobilenet_recplot,7,acerto_confiante,0.9871250987052916,0.9742501918226479,True,0.5876821435317412,,False
displasia,12,mobilenet_recplot,2,acerto_confiante,0.9870684742927552,0.9741369523108008,True,0.6083025807135221,,False
displasia,12,mobilenet_recplot,5,acerto_confiante,0.9869977235794068,0.9739954955875876,True,0.6037782410563433,,False
displasia,12,mobilenet_recplot,3,acerto_confiante,0.986135184764862,0.9722703890874982,True,0.6265019900925519,,False
displasia,12,mobilenet_recplot,15,acerto_confiante,0.980546772480011,0.9610935654491187,True,0.6161979866044445,,False
displasia,12,mobilenet_recplot,43,erro_confiante,0.81015545129776,0.6203109323978424,False,0.6175713540437626,0.5808746312088752,True
displasia,12,mobilenet_recplot,32,erro_confiante,0.5984305739402771,0.1968611776828766,False,0.5616208750371081,0.4966186030158605,True
displasia,12,mobilenet_recplot,0,erro_confiante,0.5305740237236023,0.06114807724952698,False,0.5878837112923488,0.4883216513285431,True
displasia,12,effnet_orig,7,fronteira,0.5178516507148743,0.03570330142974859,True,0.5972988281923923,0.36162261576775456,False
displasia,12,effnet_orig,17,fronteira,0.5341300368309021,0.0682600736618042,False,0.6474866378282672,0.4387996506338358,True
displasia,12,effnet_orig,23,acerto_confiante,0.999691128730774,0.9993822477990764,True,0.6363503275064024,,False
displasia,12,effnet_orig,24,acerto_confiante,0.999594748020172,0.9991894954000599,True,0.606066902485623,,False
displasia,12,effnet_orig,27,acerto_confiante,0.9995174407958984,0.9990348438732326,True,0.5939804560669738,,False
displasia,12,effnet_orig,32,acerto_confiante,0.9994854927062988,0.9989709911751561,True,0.6484344694698425,,False
displasia,12,effnet_orig,41,acerto_confiante,0.9992932677268982,0.998586553731002,True,0.5920145190663318,,False
displasia,12,effnet_orig,26,acerto_confiante,0.9991575479507446,0.9983151071355678,True,0.5521826690648822,,False
displasia,12,effnet_orig,25,acerto_confiante,0.99892395734787,0.9978478836128489,True,0.6188303229507912,,False
displasia,12,effnet_orig,44,acerto_confiante,0.9988197088241576,0.9976394030964001,True,0.609987799038112,,False
displasia,12,effnet_orig,20,erro_confiante,0.9471882581710817,0.8943764977157117,False,0.592492756573711,0.29847111978507607,True
displasia,12,effnet_orig,21,erro_confiante,0.9387724995613098,0.8775449991226197,False,0.6587905209726269,0.4350544112066663,True
displasia,12,effnet_orig,14,erro_confiante,0.8858354091644287,0.7716707810759545,False,0.6556365069064573,0.45295837644530856,True
displasia,12,effnet_orig,11,erro_confiante,0.773303747177124,0.5466074943542482,False,0.6552536343559138,0.4668647626159265,True
displasia,12,effnet_orig,1,erro_confiante,0.6951772570610046,0.39035451412200933,False,0.5682628643617365,0.4439978470853915,True
displasia,12,effnet_orig,19,erro_confiante,0.6569257974624634,0.31385159492492676,False,0.5834760228251877,0.4031585748956843,True
displasia,12,effnet_orig,18,erro_confiante,0.6155757904052734,0.23115158081054693,False,0.5993742260204299,0.36836292917164704,True
displasia,12,effnet_orig,17,erro_confiante,0.5341300368309021,0.0682600736618042,False,0.6474866378282672,0.4387996506338358,True
displasia,12,effnet_recplot,0,fronteira,0.5283085703849792,0.05661717057228094,True,0.6551550631868431,0.3335737746163596,False
displasia,12,effnet_recplot,35,fronteira,0.5416874289512634,0.08337479829788214,True,0.5503992865926606,0.3863858443708354,False
displasia,12,effnet_recplot,11,acerto_confiante,0.994504451751709,0.9890088816173375,True,0.5924600788436497,,False
displasia,12,effnet_recplot,20,acerto_confiante,0.9923133254051208,0.9846266158856453,True,0.6247747819910352,,False
displasia,12,effnet_recplot,7,acerto_confiante,0.991156816482544,0.9823135957121849,True,0.5921716919880654,,False
displasia,12,effnet_recplot,17,acerto_confiante,0.990270495414734,0.9805410504341127,True,0.5942486378712406,,False
displasia,12,effnet_recplot,23,acerto_confiante,0.9898812174797058,0.9797624032944441,True,0.6134374846007906,,False
displasia,12,effnet_recplot,6,acerto_confiante,0.980651319026947,0.961302662268281,True,0.6223804282508498,,False
displasia,12,effnet_recplot,44,acerto_confiante,0.9799404740333556,0.9598809611052274,True,0.5464277368064452,,False
displasia,12,effnet_recplot,4,acerto_confiante,0.9736157655715942,0.9472315199673176,True,0.6064440506201556,,False
displasia,12,effnet_recplot,26,erro_confiante,0.8779734373092651,0.7559468448162079,False,0.6390947485664588,0.3656397332538661,True
displasia,12,effnet_recplot,18,erro_confiante,0.7435598373413086,0.4871196746826172,False,0.5961395907118228,0.2796148895400462,True
displasia,12,effnet_recplot,12,erro_confiante,0.6955623030662537,0.39112457633018494,False,0.5866341995228096,0.5690464345715297,True
displasia,12,effnet_recplot,16,erro_confiante,0.5949916839599609,0.18998339772224426,False,0.6237300432568881,0.4762713030656266,True
displasia,12,effnet_recplot,1,erro_confiante,0.5637892484664917,0.127578467130661,False,0.6015861912280631,0.15324532645092356,True
displasia,42,mobilenet_orig,1,fronteira,0.5054786801338196,0.01095736026763916,True,0.6335171840039615,0.4785037594478102,False
displasia,42,mobilenet_orig,9,fronteira,0.539401113986969,0.07880222797393799,True,0.6019298852699978,0.4382073963161696,False
displasia,42,mobilenet_orig,10,fronteira,0.5314717888832092,0.06294357776641851,True,0.6050359162672567,0.46246344536793543,False
displasia,42,mobilenet_orig,17,fronteira,0.5328624844551086,0.06572499871253973,False,0.6238247769185727,0.4594265562273937,True
displasia,42,mobilenet_orig,28,fronteira,0.5390768051147461,0.0781535804271698,False,0.6343330641916893,0.477379296082686,True
displasia,42,mobilenet_orig,34,acerto_confiante,0.9994882941246032,0.9989766111248173,True,0.6065021650289366,,False
displasia,42,mobilenet_orig,26,acerto_confiante,0.9991391897201538,0.9982784071471543,True,0.6146027242845176,,False
displasia,42,mobilenet_orig,40,acerto_confiante,0.998091459274292,0.9961829280946404,True,0.6227038222758641,,False
displasia,42,mobilenet_orig,44,acerto_confiante,0.9979568123817444,0.9959136284887791,True,0.6085467272967449,,False
displasia,42,mobilenet_orig,42,acerto_confiante,0.9971158504486084,0.9942317241802812,True,0.6014887867001986,,False
displasia,42,mobilenet_orig,39,acerto_confiante,0.9968888163566588,0.9937776864971966,True,0.6449840831531934,,False
displasia,42,mobilenet_orig,25,acerto_confiante,0.9966087341308594,0.9932174410205334,True,0.699924853574527,,False
displasia,42,mobilenet_orig,24,acerto_confiante,0.995796799659729,0.9915935657918454,True,0.6216513756457502,,False
displasia,42,mobilenet_orig,28,erro_confiante,0.5390768051147461,0.0781535804271698,False,0.6343330641916893,0.477379296082686,True
displasia,42,mobilenet_orig,17,erro_confiante,0.5328624844551086,0.06572499871253973,False,0.6238247769185727,0.4594265562273937,True
displasia,42,mobilenet_recplot,32,fronteira,0.5114963054656982,0.022992581129074152,False,0.5740808689708209,0.28336785224859634,True
displasia,42,mobilenet_recplot,2,acerto_confiante,0.9945173263549804,0.9890346257016063,True,0.599403657500282,,False
displasia,42,mobilenet_recplot,39,acerto_confiante,0.9837713241577148,0.9675426427274942,True,0.6066920539772939,,False
displasia,42,mobilenet_recplot,7,acerto_confiante,0.980709195137024,0.9614183921366931,True,0.6195458520688621,,False
displasia,42,mobilenet_recplot,11,acerto_confiante,0.978444755077362,0.9568895008414984,True,0.5996967709855573,,False
displasia,42,mobilenet_recplot,20,acerto_confiante,0.970041573047638,0.9400830976665021,True,0.6007094433203959,,False
displasia,42,mobilenet_recplot,5,acerto_confiante,0.96951025724411,0.9390205405652522,True,0.6083856381125382,,False
displasia,42,mobilenet_recplot,37,acerto_confiante,0.9685004949569702,0.9370009899139405,True,0.5772868881410311,,False
displasia,42,mobilenet_recplot,38,acerto_confiante,0.962389349937439,0.9247786961495876,True,0.5888728778104358,,False
displasia,42,mobilenet_recplot,26,erro_confiante,0.6924605965614319,0.3849211633205414,False,0.6476440372093053,0.33356180450878264,True
displasia,42,mobilenet_recplot,43,erro_confiante,0.6607816219329834,0.3215632438659668,False,0.6215552188489033,0.3497396373843708,True
displasia,42,mobilenet_recplot,36,erro_confiante,0.6102227568626404,0.22044548392295837,False,0.6116039948049997,0.3540685949520569,True
displasia,42,mobilenet_recplot,0,erro_confiante,0.583361804485321,0.16672357916831976,False,0.5711567469327857,0.25813100247408016,True
displasia,42,mobilenet_recplot,31,erro_confiante,0.555084228515625,0.11016839742660522,False,0.5814129979535737,0.30808571325448325,True
displasia,42,mobilenet_recplot,32,erro_confiante,0.5114963054656982,0.022992581129074152,False,0.5740808689708209,0.28336785224859634,True
displasia,42,effnet_orig,10,fronteira,0.5028834939002991,0.0057669878005981445,False,0.5838118330892916,0.4702081030233518,True
displasia,42,effnet_orig,14,fronteira,0.5315402746200562,0.06308057904243475,False,0.7211206898182447,0.5134892842595843,True
displasia,42,effnet_orig,17,fronteira,0.5240961313247681,0.048192232847213745,True,0.6297983916942015,0.4222465111925464,False
displasia,42,effnet_orig,21,fronteira,0.5409553647041321,0.08191069960594177,False,0.6882745175310959,0.48697577531678343,True
displasia,42,effnet_orig,28,fronteira,0.5272964835166931,0.05459296703338623,True,0.6099739476185336,0.4062882561448412,False
displasia,42,effnet_orig,24,acerto_confiante,0.9998462200164796,0.9996924097940793,True,0.6047458306953796,,False
displasia,42,effnet_orig,41,acerto_confiante,0.9996920228004456,0.9993840158276726,True,0.5874018993221227,,False
displasia,42,effnet_orig,26,acerto_confiante,0.999691605567932,0.9993832565960474,True,0.6148178579756827,,False
displasia,42,effnet_orig,25,acerto_confiante,0.9994945526123048,0.9989890943397769,True,0.6511141603771933,,False
displasia,42,effnet_orig,23,acerto_confiante,0.9994798302650452,0.9989596815430559,True,0.6729074654722411,,False
displasia,42,effnet_orig,39,acerto_confiante,0.9994369745254515,0.9988739614491351,True,0.6266169900869406,,False
displasia,42,effnet_orig,32,acerto_confiante,0.999216377735138,0.9984327291022056,True,0.611882574895487,,False
displasia,42,effnet_orig,36,acerto_confiante,0.9990666508674622,0.9981333294999787,True,0.553649767999208,,False
displasia,42,effnet_orig,20,erro_confiante,0.8170690536499023,0.6341381072998047,False,0.6467441677539814,0.43393591311871466,True
displasia,42,effnet_orig,1,erro_confiante,0.704677402973175,0.40935477614402777,False,0.6108230866325347,0.4269505526924432,True
displasia,42,effnet_orig,11,erro_confiante,0.6173660755157471,0.23473212122917175,False,0.690265172971389,0.524330047259509,True
displasia,42,effnet_orig,13,erro_confiante,0.6073957681655884,0.21479150652885437,False,0.5963913645713546,0.4673350827767923,True
displasia,42,effnet_orig,4,erro_confiante,0.5798599720001221,0.1597199440002442,False,0.602473787411248,0.4000420743973162,True
displasia,42,effnet_orig,21,erro_confiante,0.5409553647041321,0.08191069960594177,False,0.6882745175310959,0.48697577531678343,True
displasia,42,effnet_orig,14,erro_confiante,0.5315402746200562,0.06308057904243475,False,0.7211206898182447,0.5134892842595843,True
displasia,42,effnet_orig,10,erro_confiante,0.5028834939002991,0.0057669878005981445,False,0.5838118330892916,0.4702081030233518,True
displasia,42,effnet_recplot,7,acerto_confiante,0.9973803758621216,0.9947607743088157,True,0.537098151934451,,False
displasia,42,effnet_recplot,23,acerto_confiante,0.9972259998321532,0.9944519768469036,True,0.6260722811702312,,False
displasia,42,effnet_recplot,41,acerto_confiante,0.9943341016769408,0.9886681903153657,True,0.5819563917382283,,False
displasia,42,effnet_recplot,24,acerto_confiante,0.9928955435752868,0.9857910606078802,True,0.5386945741472675,,False
displasia,42,effnet_recplot,11,acerto_confiante,0.9866488575935364,0.9732977226376534,True,0.5672099190069281,,False
displasia,42,effnet_recplot,6,acerto_confiante,0.9862332344055176,0.9724664427340031,True,0.6071903495699488,,False
displasia,42,effnet_recplot,17,acerto_confiante,0.9845649600028992,0.9691298976540565,True,0.5550239206851612,,False
displasia,42,effnet_recplot,8,acerto_confiante,0.9827457070350648,0.9654914345592263,True,0.6049495110692518,,False
displasia,42,effnet_recplot,0,erro_confiante,0.9614205360412598,0.9228410422801971,False,0.5605565590130172,0.19399931327726372,True
displasia,42,effnet_recplot,32,erro_confiante,0.7296686768531799,0.45933729410171514,False,0.549505685882371,0.37188753307681294,True
displasia,42,effnet_recplot,34,erro_confiante,0.7176952958106995,0.435390591621399,False,0.5416801778878165,0.13901650156542444,True
displasia,42,effnet_recplot,26,erro_confiante,0.6762243509292603,0.3524486720561982,False,0.6176058328222096,0.4038024799230361,True
displasia,65,mobilenet_orig,10,fronteira,0.512567400932312,0.025134801864624023,True,0.6005932654295274,0.46389348625906457,False
displasia,65,mobilenet_orig,26,acerto_confiante,0.9997805953025818,0.9995611618360272,True,0.6095091400275605,,False
displasia,65,mobilenet_orig,34,acerto_confiante,0.9996169209480286,0.9992338229494636,True,0.6137273545686142,,False
displasia,65,mobilenet_orig,24,acerto_confiante,0.9989535808563232,0.9979071377310902,True,0.6344081891976808,,False
displasia,65,mobilenet_orig,8,acerto_confiante,0.9989274740219116,0.9978549649240449,True,0.600468349207905,,False
displasia,65,mobilenet_orig,40,acerto_confiante,0.997853457927704,0.9957069081719967,True,0.621437088481785,,False
displasia,65,mobilenet_orig,44,acerto_confiante,0.9959060549736024,0.9918121001683177,True,0.608446526362382,,False
displasia,65,mobilenet_orig,25,acerto_confiante,0.995479166507721,0.9909583223052324,True,0.7107307239254395,,False
displasia,65,mobilenet_orig,42,acerto_confiante,0.995337963104248,0.9906759280711412,True,0.6212744680480561,,False
displasia,65,mobilenet_recplot,0,fronteira,0.5205578207969666,0.04111567139625555,True,0.5944257958073028,0.43347514841327117,False
displasia,65,mobilenet_recplot,32,fronteira,0.5256917476654053,0.05138343572616577,False,0.5668727809189553,0.38894184096235784,True
displasia,65,mobilenet_recplot,45,acerto_confiante,0.992865264415741,0.9857305325567722,True,0.5987848466358908,,False
displasia,65,mobilenet_recplot,7,acerto_confiante,0.9862372875213624,0.9724745946004988,True,0.6054928793191477,,False
displasia,65,mobilenet_recplot,23,acerto_confiante,0.981503427028656,0.9630068428814412,True,0.6346492021046924,,False
displasia,65,mobilenet_recplot,11,acerto_confiante,0.979373037815094,0.958746075630188,True,0.6151092131646287,,False
displasia,65,mobilenet_recplot,39,acerto_confiante,0.9780752658843994,0.9561504907906057,True,0.6182622766154899,,False
displasia,65,mobilenet_recplot,2,acerto_confiante,0.9754058122634888,0.9508116263896228,True,0.6295061271549406,,False
displasia,65,mobilenet_recplot,38,acerto_confiante,0.9712306261062622,0.9424612317234278,True,0.6111353992744455,,False
displasia,65,mobilenet_recplot,42,acerto_confiante,0.9650151133537292,0.9300302192568779,True,0.6072329336099229,,False
displasia,65,mobilenet_recplot,26,erro_confiante,0.6758198142051697,0.35163959860801697,False,0.6307051438142859,0.48369238842041645,True
displasia,65,mobilenet_recplot,16,erro_confiante,0.646976113319397,0.2939522564411164,False,0.6205746767105871,0.44612535973150413,True
displasia,65,mobilenet_recplot,32,erro_confiante,0.5256917476654053,0.05138343572616577,False,0.5668727809189553,0.38894184096235784,True
displasia,65,effnet_orig,10,fronteira,0.5322914123535156,0.06458285450935364,True,0.5906734993730386,0.35192087530479504,False
displasia,65,effnet_orig,11,fronteira,0.5066317319869995,0.013263434171676636,False,0.669356079388451,0.4225951300880523,True
displasia,65,effnet_orig,28,fronteira,0.5321588516235352,0.06431764364242554,True,0.6232852894881696,0.32653418920713684,False
displasia,65,effnet_orig,26,acerto_confiante,0.9999170303344728,0.9998340854435811,True,0.6305505554826146,,False
displasia,65,effnet_orig,23,acerto_confiante,0.9998682141304016,0.9997364424489206,True,0.6405254637374238,,False
displasia,65,effnet_orig,24,acerto_confiante,0.9998382329940796,0.9996764496318065,True,0.620239309490028,,False
displasia,65,effnet_orig,35,acerto_confiante,0.9996843338012696,0.9993686613452156,True,0.6121452313350791,,False
displasia,65,effnet_orig,36,acerto_confiante,0.9996591806411744,0.9993183590413538,True,0.579248913933924,,False
displasia,65,effnet_orig,39,acerto_confiante,0.9994702935218812,0.9989406429231168,True,0.61978777061029,,False
displasia,65,effnet_orig,33,acerto_confiante,0.9992903470993042,0.9985807111952454,True,0.6164248304122778,,False
displasia,65,effnet_orig,22,acerto_confiante,0.9992527365684508,0.9985054994467645,True,0.6122067341551237,,False
displasia,65,effnet_orig,21,erro_confiante,0.5837924480438232,0.16758483648300176,False,0.6365202685706138,0.3900670963350554,True
displasia,65,effnet_orig,11,erro_confiante,0.5066317319869995,0.013263434171676636,False,0.669356079388451,0.4225951300880523,True
displasia,65,effnet_recplot,0,fronteira,0.5482237935066223,0.09644761681556702,False,0.5605148250880665,0.4395022227243041,True
displasia,65,effnet_recplot,41,acerto_confiante,0.9979004263877868,0.9958008362445979,True,0.5865910627977308,,False
displasia,65,effnet_recplot,23,acerto_confiante,0.9976091384887696,0.9952182469423861,True,0.6131086757299495,,False
displasia,65,effnet_recplot,40,acerto_confiante,0.9969094395637512,0.9938188956584783,True,0.5960975214994898,,False
displasia,65,effnet_recplot,30,acerto_confiante,0.996592342853546,0.9931846833787858,True,0.5494800530666922,,False
displasia,65,effnet_recplot,7,acerto_confiante,0.996359407901764,0.9927187832072379,True,0.5807539855557018,,False
displasia,65,effnet_recplot,24,acerto_confiante,0.9962847232818604,0.9925694498233497,True,0.6067702736639561,,False
displasia,65,effnet_recplot,37,acerto_confiante,0.99528706073761,0.9905741321854294,True,0.6451219607171197,,False
displasia,65,effnet_recplot,44,acerto_confiante,0.9952828288078308,0.9905656059272588,True,0.5994767610449048,,False
displasia,65,effnet_recplot,32,erro_confiante,0.9480426907539368,0.8960853703320026,False,0.5680558275233725,0.540918141108213,True
displasia,65,effnet_recplot,16,erro_confiante,0.8436199426651001,0.6872398406267167,False,0.6092566851154292,0.4163857011809021,True
displasia,65,effnet_recplot,12,erro_confiante,0.8272569179534912,0.6545138210058213,False,0.6161835711377035,0.44846166570248797,True
displasia,65,effnet_recplot,21,erro_confiante,0.8216829299926758,0.6433658301830292,False,0.5906291615239397,0.27676063144915974,True
displasia,65,effnet_recplot,34,erro_confiante,0.8146887421607971,0.6293774545192719,False,0.6050814678835269,0.33330518493248673,True
displasia,65,effnet_recplot,36,erro_confiante,0.7453375458717346,0.49067509174346924,False,0.5836217128131673,0.27814633963266516,True
displasia,65,effnet_recplot,4,erro_confiante,0.7362367510795593,0.47247350215911865,False,0.5710505250208091,0.6598479267239574,True
displasia,65,effnet_recplot,33,erro_confiante,0.7065536975860596,0.41310736536979675,False,0.6728440058747571,0.485040182063489,True
displasia,87,mobilenet_orig,26,acerto_confiante,0.9998875856399536,0.9997751744958805,True,0.6116822071287005,,False
displasia,87,mobilenet_orig,34,acerto_confiante,0.9994861483573914,0.9989722846657969,True,0.6004040621737083,,False
displasia,87,mobilenet_orig,8,acerto_confiante,0.9987348914146424,0.9974698069272564,True,0.6188435992480006,,False
displasia,87,mobilenet_orig,42,acerto_confiante,0.9981353878974916,0.9962707831291484,True,0.6115329997845095,,False
displasia,87,mobilenet_orig,40,acerto_confiante,0.9970756769180298,0.9941513014491647,True,0.6146360984396873,,False
displasia,87,mobilenet_orig,44,acerto_confiante,0.9968106150627136,0.9936212033499033,True,0.6038338436500614,,False
displasia,87,mobilenet_orig,39,acerto_confiante,0.9960654377937316,0.9921308662742376,True,0.6810100005195153,,False
displasia,87,mobilenet_orig,24,acerto_confiante,0.9941650032997132,0.9883299823850394,True,0.6019599750017046,,False
displasia,87,mobilenet_recplot,0,fronteira,0.5464074015617371,0.09281480312347418,False,0.5876104962662403,0.45679968123063813,True
displasia,87,mobilenet_recplot,1,fronteira,0.5357065200805664,0.0714130699634552,True,0.5766369718012228,0.3838579791262457,False
displasia,87,mobilenet_recplot,8,fronteira,0.5094902515411377,0.01898050308227539,False,0.5941394345466844,0.46818238303350246,True
displasia,87,mobilenet_recplot,36,fronteira,0.5398651361465454,0.07973024249076843,True,0.5931553136519668,0.4024920791584232,False
displasia,87,mobilenet_recplot,43,fronteira,0.5238540172576904,0.04770800471305853,True,0.6269628385117997,0.48120732872634897,False
displasia,87,mobilenet_recplot,20,acerto_confiante,0.9853678345680236,0.9707356942817568,True,0.6013530806411935,,False
displasia,87,mobilenet_recplot,2,acerto_confiante,0.9826465845108032,0.9652931913733483,True,0.6076363877270325,,False
displasia,87,mobilenet_recplot,11,acerto_confiante,0.9721468091011048,0.9442936629056933,True,0.5860745496357607,,False
displasia,87,mobilenet_recplot,7,acerto_confiante,0.9636994004249572,0.9273987412452697,True,0.6106014247402294,,False
displasia,87,mobilenet_recplot,41,acerto_confiante,0.9477611184120178,0.8955222107470037,True,0.5774847182769957,,False
displasia,87,mobilenet_recplot,39,acerto_confiante,0.9445382356643676,0.8890764750540255,True,0.5882265151202647,,False
displasia,87,mobilenet_recplot,37,acerto_confiante,0.94046151638031,0.8809229768812655,True,0.5901705856514916,,False
displasia,87,mobilenet_recplot,45,acerto_confiante,0.9392633438110352,0.8785266429185867,True,0.6203251448344275,,False
displasia,87,mobilenet_recplot,32,erro_confiante,0.9329240918159484,0.8658481687307357,False,0.5722611545316927,0.4091133315022785,True
displasia,87,mobilenet_recplot,4,erro_confiante,0.6450487971305847,0.29009759426116943,False,0.5614694640506906,0.3843912417079233,True
displasia,87,mobilenet_recplot,16,erro_confiante,0.6304998993873596,0.2609997689723969,False,0.5932769383181019,0.4532999791501253,True
displasia,87,mobilenet_recplot,9,erro_confiante,0.5933277010917664,0.18665537238121038,False,0.588114654257482,0.42948977845287917,True
displasia,87,mobilenet_recplot,0,erro_confiante,0.5464074015617371,0.09281480312347418,False,0.5876104962662403,0.45679968123063813,True
displasia,87,mobilenet_recplot,8,erro_confiante,0.5094902515411377,0.01898050308227539,False,0.5941394345466844,0.46818238303350246,True
displasia,87,effnet_orig,1,fronteira,0.5004999041557312,0.0009998083114624023,True,0.5859974232490038,0.31616167070281054,False
displasia,87,effnet_orig,20,fronteira,0.5316143035888672,0.06322857737541199,True,0.5222741750843117,0.18931833392511724,False
displasia,87,effnet_orig,24,acerto_confiante,0.9999597668647766,0.9999195200507529,True,0.5899484221227729,,False
displasia,87,effnet_orig,39,acerto_confiante,0.9999520778656006,0.9999041058690636,True,0.49830575742940636,,False
displasia,87,effnet_orig,32,acerto_confiante,0.9999408721923828,0.9998817616979068,True,0.4816103889982097,,False
displasia,87,effnet_orig,23,acerto_confiante,0.999931573867798,0.9998631692651544,True,0.5700780345095823,,False
displasia,87,effnet_orig,41,acerto_confiante,0.9998086094856262,0.9996171778184362,True,0.5235396865256494,,False
displasia,87,effnet_orig,34,acerto_confiante,0.9997770190238952,0.9995539919182191,True,0.5226129351166503,,False
displasia,87,effnet_orig,26,acerto_confiante,0.9996795654296876,0.9993591031234247,True,0.4769202417137075,,False
displasia,87,effnet_orig,36,acerto_confiante,0.999602735042572,0.9992054437170738,True,0.5288532518745134,,False
displasia,87,effnet_orig,28,erro_confiante,0.6383316516876221,0.27666327357292175,False,0.5003164577739764,-0.009760114975219251,True
displasia,87,effnet_recplot,22,fronteira,0.5192757248878479,0.03855141997337341,False,0.588205872887568,0.3682799402754643,True
displasia,87,effnet_recplot,36,fronteira,0.5132004618644714,0.02640089392662054,True,0.5382310329943005,0.38683918911195625,False
displasia,87,effnet_recplot,15,acerto_confiante,0.9995258450508118,0.9990516706020571,True,0.5430319331635051,,False
displasia,87,effnet_recplot,19,acerto_confiante,0.9994549751281738,0.998909933376126,True,0.6002699337167787,,False
displasia,87,effnet_recplot,25,acerto_confiante,0.9994425177574158,0.9988850395311601,True,0.5528443553463348,,False
displasia,87,effnet_recplot,23,acerto_confiante,0.9992112517356871,0.9984225150546989,True,0.5969440103960085,,False
displasia,87,effnet_recplot,3,acerto_confiante,0.9991104006767272,0.9982207827270031,True,0.5738231272238624,,False
displasia,87,effnet_recplot,40,acerto_confiante,0.9986110329627992,0.997222069068812,True,0.6038102229529141,,False
displasia,87,effnet_recplot,41,acerto_confiante,0.9983230829238892,0.9966461429139599,True,0.5438711373548468,,False
displasia,87,effnet_recplot,7,acerto_confiante,0.997878909111023,0.9957578331232072,True,0.5807500300433153,,False
displasia,87,effnet_recplot,32,erro_confiante,0.9994778037071228,0.9989556493819692,False,0.5655313233958897,0.3735976933370136,True
displasia,87,effnet_recplot,34,erro_confiante,0.9912802577018738,0.9825605349615216,False,0.5730809506056563,0.5978733148622669,True
displasia,87,effnet_recplot,26,erro_confiante,0.929307460784912,0.858614906668663,False,0.6083258112298311,0.3142878730104845,True
displasia,87,effnet_recplot,12,erro_confiante,0.6888298392295837,0.37765961885452276,False,0.5646202511685687,0.15180817839148644,True
displasia,87,effnet_recplot,21,erro_confiante,0.6520357131958008,0.304071456193924,False,0.5998179178811864,0.361704473224255,True
displasia,87,effnet_recplot,1,erro_confiante,0.6082785725593567,0.216557115316391,False,0.5712888203200406,0.08620927127341452,True
displasia,87,effnet_recplot,0,erro_confiante,0.5712392926216125,0.14247858524322515,False,0.6090434419881446,0.2952845387426855,True
displasia,87,effnet_recplot,22,erro_confiante,0.5192757248878479,0.03855141997337341,False,0.588205872887568,0.3682799402754643,True
displasia,93,mobilenet_orig,39,acerto_confiante,0.9997395873069764,0.9994791288336276,True,0.6576537863559563,,False
displasia,93,mobilenet_orig,40,acerto_confiante,0.999679684638977,0.9993593191611582,True,0.6128394672681543,,False
displasia,93,mobilenet_orig,25,acerto_confiante,0.9996017813682556,0.9992035033646971,True,0.6955192325097228,,False
displasia,93,mobilenet_orig,34,acerto_confiante,0.9995489120483398,0.9990978084679227,True,0.6192376980057392,,False
displasia,93,mobilenet_orig,35,acerto_confiante,0.9989160299301147,0.9978320586960764,True,0.6062899675010675,,False
displasia,93,mobilenet_orig,26,acerto_confiante,0.9988488554954528,0.9976976980688049,True,0.6164605814225708,,False
displasia,93,mobilenet_orig,24,acerto_confiante,0.9987919926643372,0.9975839782273398,True,0.623242394980757,,False
displasia,93,mobilenet_orig,8,acerto_confiante,0.9987745881080629,0.9975491864606739,True,0.5940655634396376,,False
displasia,93,mobilenet_recplot,2,acerto_confiante,0.9987723231315612,0.9975446198368445,True,0.6235329280691564,,False
displasia,93,mobilenet_recplot,7,acerto_confiante,0.9984570145606996,0.996914003742859,True,0.628525393071221,,False
displasia,93,mobilenet_recplot,11,acerto_confiante,0.9957613945007324,0.9915227685123682,True,0.6046515998087356,,False
displasia,93,mobilenet_recplot,23,acerto_confiante,0.9946263432502748,0.9892527125775815,True,0.6440133017021114,,False
displasia,93,mobilenet_recplot,5,acerto_confiante,0.9943928718566896,0.9887857176363469,True,0.6173333673541485,,False
displasia,93,mobilenet_recplot,20,acerto_confiante,0.9941470623016356,0.988294145092368,True,0.6031225285671138,,False
displasia,93,mobilenet_recplot,3,acerto_confiante,0.9916952252388,0.983390466310084,True,0.634696501458909,,False
displasia,93,mobilenet_recplot,42,acerto_confiante,0.9911559224128724,0.9823118364438417,True,0.6098750954225863,,False
displasia,93,mobilenet_recplot,43,erro_confiante,0.7873657941818237,0.5747315883636476,False,0.6116506026086848,0.6299551712033478,True
displasia,93,mobilenet_recplot,26,erro_confiante,0.7846775650978088,0.5693551301956177,False,0.6263979256117245,0.5863175196968303,True
displasia,93,mobilenet_recplot,36,erro_confiante,0.6243570446968079,0.24871411919593817,False,0.6116839037119686,0.5829513665103704,True
displasia,93,effnet_orig,17,fronteira,0.5309404730796814,0.061880916357040405,False,0.6331651809485699,0.3953360292382012,True
displasia,93,effnet_orig,28,fronteira,0.5023503303527832,0.0047006309032440186,False,0.6459891857997906,0.4160788775596229,True
displasia,93,effnet_orig,24,acerto_confiante,0.9999136924743652,0.9998273774035624,True,0.6850647274242125,,False
displasia,93,effnet_orig,23,acerto_confiante,0.9996650815010072,0.9993301454233007,True,0.6314540419705665,,False
displasia,93,effnet_orig,36,acerto_confiante,0.9995046854019164,0.999009328894317,True,0.5561467506490828,,False
displasia,93,effnet_orig,41,acerto_confiante,0.9994490742683412,0.9988980951602573,True,0.6002719324740841,,False
displasia,93,effnet_orig,39,acerto_confiante,0.998944103717804,0.9978881888091564,True,0.5878281274640258,,False
displasia,93,effnet_orig,25,acerto_confiante,0.998698115348816,0.9973962282529102,True,0.6493112926437058,,False
displasia,93,effnet_orig,34,acerto_confiante,0.9985015392303468,0.9970031306147576,True,0.6104990458745391,,False
displasia,93,effnet_orig,42,acerto_confiante,0.9984396696090698,0.9968793181469664,True,0.5886239335283556,,False
displasia,93,effnet_orig,20,erro_confiante,0.8456707000732422,0.691341370344162,False,0.6359759779227683,0.4184169003081595,True
displasia,93,effnet_orig,11,erro_confiante,0.8291614055633545,0.6583228409290314,False,0.613743021163982,0.4331412899498057,True
displasia,93,effnet_orig,10,erro_confiante,0.7901464700698853,0.5802928954362869,False,0.6064663257618401,0.37315148606139414,True
displasia,93,effnet_orig,14,erro_confiante,0.775669276714325,0.5513385236263275,False,0.7000306904901319,0.4477818451493173,True
displasia,93,effnet_orig,21,erro_confiante,0.6982187032699585,0.396437406539917,False,0.6050980853040586,0.3894748724443361,True
displasia,93,effnet_orig,19,erro_confiante,0.664869487285614,0.3297390043735504,False,0.6229761232999671,0.34394686549130904,True
displasia,93,effnet_orig,17,erro_confiante,0.5309404730796814,0.061880916357040405,False,0.6331651809485699,0.3953360292382012,True
displasia,93,effnet_orig,28,erro_confiante,0.5023503303527832,0.0047006309032440186,False,0.6459891857997906,0.4160788775596229,True
displasia,93,effnet_recplot,1,fronteira,0.5441064834594727,0.08821293711662298,False,0.6037434053892075,0.5871296372073896,True
displasia,93,effnet_recplot,21,fronteira,0.5288959741592407,0.05779191851615911,False,0.5954967278248114,0.4951328772912069,True
displasia,93,effnet_recplot,36,fronteira,0.539900541305542,0.07980108261108398,False,0.5732676179662087,0.4829055004755294,True
displasia,93,effnet_recplot,25,acerto_confiante,0.99931538105011,0.998630787129514,True,0.5899968844397298,,False
displasia,93,effnet_recplot,7,acerto_confiante,0.9993008971214294,0.9986017824267037,True,0.6015720932639562,,False
displasia,93,effnet_recplot,20,acerto_confiante,0.999101996421814,0.998204049828928,True,0.6239635284984231,,False
displasia,93,effnet_recplot,3,acerto_confiante,0.9989503026008606,0.9979005990317092,True,0.5964738329987954,,False
displasia,93,effnet_recplot,11,acerto_confiante,0.9987687468528748,0.9975375093054026,True,0.5835480062027643,,False
displasia,93,effnet_recplot,8,acerto_confiante,0.9985613822937012,0.9971227482892574,True,0.5853815426264175,,False
displasia,93,effnet_recplot,2,acerto_confiante,0.997494339942932,0.9949886966496705,True,0.5817130888551995,,False
displasia,93,effnet_recplot,15,acerto_confiante,0.9973740577697754,0.994748073630035,True,0.6105209115673377,,False
displasia,93,effnet_recplot,34,erro_confiante,0.995229959487915,0.9904598919674754,False,0.5713507440622531,0.4832222923269081,True
displasia,93,effnet_recplot,26,erro_confiante,0.9926090240478516,0.9852180182933807,False,0.5588970855279113,0.3009610813506412,True
displasia,93,effnet_recplot,12,erro_confiante,0.9465864896774292,0.8931729979813099,False,0.5902043264978326,0.48562683620424896,True
displasia,93,effnet_recplot,32,erro_confiante,0.9149256348609924,0.8298512175679207,False,0.5887416735153012,0.47941168616655244,True
displasia,93,effnet_recplot,0,erro_confiante,0.6806083917617798,0.36121678352355957,False,0.6112311896252858,0.46003522929237084,True
displasia,93,effnet_recplot,1,erro_confiante,0.5441064834594727,0.08821293711662298,False,0.6037434053892075,0.5871296372073896,True
displasia,93,effnet_recplot,36,erro_confiante,0.539900541305542,0.07980108261108398,False,0.5732676179662087,0.4829055004755294,True
displasia,93,effnet_recplot,21,erro_confiante,0.5288959741592407,0.05779191851615911,False,0.5954967278248114,0.4951328772912069,True
displasia,107,mobilenet_orig,20,fronteira,0.5486088991165161,0.09721779823303223,True,0.6311247392004598,0.741036275611506,False
displasia,107,mobilenet_orig,8,acerto_confiante,0.999228060245514,0.9984561026212762,True,0.5955903148556991,,False
displasia,107,mobilenet_orig,26,acerto_confiante,0.9989731311798096,0.9979463084600867,True,0.6278328050195413,,False
displasia,107,mobilenet_orig,34,acerto_confiante,0.9985609650611876,0.9971219201106577,True,0.608218821024678,,False
displasia,107,mobilenet_orig,42,acerto_confiante,0.9981470108032228,0.9962940202094616,True,0.6232512414817614,,False
displasia,107,mobilenet_orig,25,acerto_confiante,0.997995376586914,0.995990795083344,True,0.6897803287082361,,False
displasia,107,mobilenet_orig,39,acerto_confiante,0.9977611899375916,0.9955223728902639,True,0.6739544810505682,,False
displasia,107,mobilenet_orig,24,acerto_confiante,0.9966059923171996,0.9932120020966976,True,0.6171619935548494,,False
displasia,107,mobilenet_orig,35,acerto_confiante,0.9957305788993835,0.9914611075073482,True,0.6044713687662623,,False
displasia,107,mobilenet_recplot,13,fronteira,0.5492565631866455,0.09851312637329102,True,0.6090317091914399,0.46604672674362563,False
displasia,107,mobilenet_recplot,40,acerto_confiante,0.9994446635246276,0.9988893537665716,True,0.6014134236073424,,False
displasia,107,mobilenet_recplot,2,acerto_confiante,0.9989149570465088,0.9978298714850099,True,0.6260356830408137,,False
displasia,107,mobilenet_recplot,41,acerto_confiante,0.9988553524017334,0.9977106493897737,True,0.602314645224755,,False
displasia,107,mobilenet_recplot,11,acerto_confiante,0.9986386895179749,0.9972773946356028,True,0.6524697526647828,,False
displasia,107,mobilenet_recplot,7,acerto_confiante,0.9984752535820008,0.9969505136832596,True,0.6491547729034314,,False
displasia,107,mobilenet_recplot,19,acerto_confiante,0.9978498220443726,0.9956995879765601,True,0.6441259343058776,,False
displasia,107,mobilenet_recplot,3,acerto_confiante,0.9976857900619508,0.9953715819865467,True,0.6271429859779311,,False
displasia,107,mobilenet_recplot,20,acerto_confiante,0.9970728158950806,0.994145603850484,True,0.6471456788547135,,False
displasia,107,mobilenet_recplot,43,erro_confiante,0.8575759530067444,0.7151518613100052,False,0.6370710919996859,0.5331673778710515,True
displasia,107,mobilenet_recplot,32,erro_confiante,0.8196808099746704,0.6393615901470185,False,0.6295824101902966,0.553478832676703,True
displasia,107,mobilenet_recplot,16,erro_confiante,0.800028920173645,0.6000578552484512,False,0.641020233133582,0.4986154761383078,True
displasia,107,mobilenet_recplot,0,erro_confiante,0.7871410846710205,0.5742821544408799,False,0.6137732220881523,0.5070413370718706,True
displasia,107,mobilenet_recplot,26,erro_confiante,0.722559928894043,0.44511982798576355,False,0.687653648351975,0.5605977662663575,True
displasia,107,mobilenet_recplot,4,erro_confiante,0.5507983565330505,0.10159671306610113,False,0.6165792310409806,0.4960946614292131,True
displasia,107,effnet_orig,14,fronteira,0.5468356609344482,0.09367129206657415,True,0.6657396177049699,0.4999966775034121,False
displasia,107,effnet_orig,18,fronteira,0.5106406211853027,0.021281242370605524,True,0.5390018452796872,0.2690585389520665,False
displasia,107,effnet_orig,19,fronteira,0.5033402442932129,0.0066804587841033936,False,0.5981900425608404,0.42305538435755347,True
displasia,107,effnet_orig,39,acerto_confiante,0.9998543858528136,0.9997087677184026,True,0.5805894516132958,,False
displasia,107,effnet_orig,24,acerto_confiante,0.9997369647026062,0.9994739122630563,True,0.6004844056224158,,False
displasia,107,effnet_orig,26,acerto_confiante,0.9996036887168884,0.9992073472531048,True,0.5789728734502072,,False
displasia,107,effnet_orig,36,acerto_confiante,0.999519109725952,0.9990382082469296,True,0.5261449506559274,,False
displasia,107,effnet_orig,30,acerto_confiante,0.9988847374916076,0.9977694858098402,True,0.6090487113169953,,False
displasia,107,effnet_orig,25,acerto_confiante,0.998531460762024,0.9970629368908706,True,0.6197436127291147,,False
displasia,107,effnet_orig,37,acerto_confiante,0.9978178143501282,0.9956356317270548,True,0.6178742011723877,,False
displasia,107,effnet_orig,32,acerto_confiante,0.997589111328125,0.99517818284221,True,0.5659652340692384,,False
displasia,107,effnet_orig,21,erro_confiante,0.9352834820747375,0.87056702375412,False,0.6106187736468234,0.3731658860101911,False
displasia,107,effnet_orig,20,erro_confiante,0.926418125629425,0.8528362214565277,False,0.5753201207436899,0.3846424186109954,True
displasia,107,effnet_orig,17,erro_confiante,0.7592201232910156,0.5184402316808701,False,0.5880426005134729,0.4403157469257058,True
displasia,107,effnet_orig,1,erro_confiante,0.7579595446586609,0.5159190595149994,False,0.5996701253144476,0.4396754465460321,True
displasia,107,effnet_orig,11,erro_confiante,0.6798622012138367,0.35972437262535095,False,0.5884208867540621,0.3960970983268711,True
displasia,107,effnet_orig,19,erro_confiante,0.5033402442932129,0.0066804587841033936,False,0.5981900425608404,0.42305538435755347,True
displasia,107,effnet_recplot,12,fronteira,0.5367364883422852,0.07347297668457037,True,0.592908884806796,0.28437592820565777,False
displasia,107,effnet_recplot,18,fronteira,0.5474658012390137,0.09493157267570496,True,0.578020152064878,0.5313315061645466,False
displasia,107,effnet_recplot,15,acerto_confiante,0.9986489415168762,0.9972979010781274,True,0.5685713449541988,,False
displasia,107,effnet_recplot,7,acerto_confiante,0.997748076915741,0.9954961522016674,True,0.5967300994271103,,False
displasia,107,effnet_recplot,23,acerto_confiante,0.9956698417663574,0.9913396928459406,True,0.5831167570343799,,False
displasia,107,effnet_recplot,11,acerto_confiante,0.9956035614013672,0.9912071051076055,True,0.5405828957622174,,False
displasia,107,effnet_recplot,20,acerto_confiante,0.9931852221488952,0.9863703907467425,True,0.5579781945595611,,False
displasia,107,effnet_recplot,8,acerto_confiante,0.9917486906051636,0.9834973569959403,True,0.5715203775033855,,False
displasia,107,effnet_recplot,14,acerto_confiante,0.98909991979599,0.9781998489052058,True,0.539366731144328,,False
displasia,107,effnet_recplot,44,acerto_confiante,0.9887912273406982,0.9775824267417194,True,0.5571254112978775,,False
displasia,107,effnet_recplot,26,erro_confiante,0.9898584485054016,0.9797168606892229,False,0.6183907126998144,0.384515210800524,True
displasia,107,effnet_recplot,32,erro_confiante,0.969283401966095,0.9385667555034161,False,0.5718781320374118,0.22265900734103372,True
displasia,107,effnet_recplot,34,erro_confiante,0.96554034948349,0.9310807138681412,False,0.5196845587811632,0.057245071993866865,True
displasia,107,effnet_recplot,22,erro_confiante,0.8331964015960693,0.6663928329944612,False,0.5714254931628883,0.44267078256716635,True
displasia,107,effnet_recplot,0,erro_confiante,0.7557815313339233,0.5115630775690079,False,0.5877963987531477,0.21983299431221143,True
displasia,121,mobilenet_orig,20,fronteira,0.5485759377479553,0.09715181589126592,False,0.625615490683173,0.5116738934266271,True
displasia,121,mobilenet_orig,26,acerto_confiante,0.9993151426315308,0.9986302586039528,True,0.6066762320965403,,False
displasia,121,mobilenet_orig,34,acerto_confiante,0.9980400204658508,0.996079998323694,True,0.6177818135955492,,False
displasia,121,mobilenet_orig,25,acerto_confiante,0.9976450800895692,0.9952901450451465,True,0.6810757453142475,,False
displasia,121,mobilenet_orig,44,acerto_confiante,0.9965200424194336,0.9930401125457138,True,0.606714002970088,,False
displasia,121,mobilenet_orig,8,acerto_confiante,0.995958924293518,0.9919178304262458,True,0.6004779710524634,,False
displasia,121,mobilenet_orig,24,acerto_confiante,0.995084822177887,0.9901696727611125,True,0.6161698226285088,,False
displasia,121,mobilenet_orig,42,acerto_confiante,0.995027244091034,0.9900544444099071,True,0.6235017351928046,,False
displasia,121,mobilenet_orig,39,acerto_confiante,0.9949194192886353,0.9898388274013996,True,0.6592311486235184,,False
displasia,121,mobilenet_orig,20,erro_confiante,0.5485759377479553,0.09715181589126592,False,0.625615490683173,0.5116738934266271,True
displasia,121,mobilenet_recplot,2,acerto_confiante,0.9961322546005248,0.9922645045444369,True,0.6044650728043957,,False
displasia,121,mobilenet_recplot,23,acerto_confiante,0.994331419467926,0.9886628151871264,True,0.6418627621918854,,False
displasia,121,mobilenet_recplot,41,acerto_confiante,0.9942002296447754,0.988400508183986,True,0.6067747627196876,,False
displasia,121,mobilenet_recplot,20,acerto_confiante,0.9924152493476868,0.9848304819315673,True,0.6249545297818261,,False
displasia,121,mobilenet_recplot,8,acerto_confiante,0.9872146844863892,0.9744293969124556,True,0.6196802799749224,,False
displasia,121,mobilenet_recplot,11,acerto_confiante,0.9858194589614868,0.9716389020904899,True,0.5963248767816302,,False
displasia,121,mobilenet_recplot,7,acerto_confiante,0.985586404800415,0.9711728207767011,True,0.5920012457150338,,False
displasia,121,mobilenet_recplot,39,acerto_confiante,0.9848825931549072,0.969765161164105,True,0.6215559787172477,,False
displasia,121,mobilenet_recplot,32,erro_confiante,0.9615539312362672,0.9231078736484052,False,0.6213447726027902,0.5072124995709988,True
displasia,121,mobilenet_recplot,43,erro_confiante,0.693244218826294,0.38648846745491033,False,0.6143346487755538,0.47669921627963247,True
displasia,121,mobilenet_recplot,0,erro_confiante,0.6777816414833069,0.35556331276893616,False,0.6020877696579993,0.40119661162631914,True
displasia,121,mobilenet_recplot,16,erro_confiante,0.5955339670181274,0.19106796383857733,False,0.6088710473575981,0.42816343855457595,True
displasia,121,effnet_orig,11,fronteira,0.5476770401000977,0.09535411000251776,True,0.6233349983284134,0.41633325477828476,False
displasia,121,effnet_orig,28,fronteira,0.5316600203514099,0.06332004070281982,True,0.6228568177276452,0.32208159642537454,False
displasia,121,effnet_orig,24,acerto_confiante,0.9997958540916444,0.9995917136548089,True,0.608539288962688,,False
displasia,121,effnet_orig,26,acerto_confiante,0.9997877478599548,0.9995754507690435,True,0.6203805538540705,,False
displasia,121,effnet_orig,39,acerto_confiante,0.9997761845588684,0.9995523827528814,True,0.6288848605821615,,False
displasia,121,effnet_orig,36,acerto_confiante,0.9993313550949096,0.9986627203179522,True,0.5581093578887485,,False
displasia,121,effnet_orig,23,acerto_confiante,0.9992424249649048,0.9984849050524645,True,0.595646883333579,,False
displasia,121,effnet_orig,34,acerto_confiante,0.998812973499298,0.9976259185932576,True,0.6072030883048746,,False
displasia,121,effnet_orig,22,acerto_confiante,0.9987078905105592,0.9974157370161267,True,0.5940328572235206,,False
displasia,121,effnet_orig,3,acerto_confiante,0.9986631274223328,0.9973262364510448,True,0.6019784018154944,,False
displasia,121,effnet_orig,21,erro_confiante,0.6492779850959778,0.29855597019195557,False,0.617384510434899,0.3741113921059014,True
displasia,121,effnet_orig,20,erro_confiante,0.5512248873710632,0.10244980454444885,False,0.657100560779216,0.38138417472198455,True
displasia,121,effnet_recplot,19,fronteira,0.5293458700180054,0.0586917400360108,True,0.5759201059826072,-0.00035880778700576687,False
displasia,121,effnet_recplot,21,fronteira,0.5086345672607422,0.017269104719161987,False,0.5847832021726327,0.17529425577197855,True
displasia,121,effnet_recplot,41,acerto_confiante,0.9965277910232544,0.9930555745959282,True,0.5692626594639735,,False
displasia,121,effnet_recplot,23,acerto_confiante,0.9959614276885986,0.9919228395447135,True,0.589944668235929,,False
displasia,121,effnet_recplot,7,acerto_confiante,0.9922502040863036,0.9845004300586879,True,0.5405187100500481,,False
displasia,121,effnet_recplot,40,acerto_confiante,0.986714005470276,0.9734280211851002,True,0.5781451265981927,,False
displasia,121,effnet_recplot,24,acerto_confiante,0.9809432625770568,0.9618865307420492,True,0.5751368550113505,,False
displasia,121,effnet_recplot,11,acerto_confiante,0.9785013794898988,0.9570028167217972,True,0.559819860629929,,False
displasia,121,effnet_recplot,37,acerto_confiante,0.967941164970398,0.9358823373913765,True,0.6166794843505691,,False
displasia,121,effnet_recplot,44,acerto_confiante,0.9622775316238404,0.9245550483465197,True,0.5667409509664092,,False
displasia,121,effnet_recplot,1,erro_confiante,0.9800294637680054,0.9600589405745269,False,0.5868263226780528,0.23401599869375078,False
displasia,121,effnet_recplot,12,erro_confiante,0.9459681510925292,0.8919362612068653,False,0.5748813723503908,0.22984154514256833,False
displasia,121,effnet_recplot,16,erro_confiante,0.8858211636543274,0.7716423273086548,False,0.6221492660132513,0.34297895575724063,True
displasia,121,effnet_recplot,32,erro_confiante,0.850572407245636,0.7011448442935944,False,0.5867025212248317,0.3337204430401461,True
displasia,121,effnet_recplot,14,erro_confiante,0.8285237550735474,0.6570474803447723,False,0.5983369091481725,0.3413946351259722,True
displasia,121,effnet_recplot,22,erro_confiante,0.7983251214027405,0.596650242805481,False,0.5881494301721781,0.21019624237042814,True
displasia,121,effnet_recplot,34,erro_confiante,0.7586318850517273,0.517263799905777,False,0.5837044864739535,0.28119205938076003,True
displasia,121,effnet_recplot,3,erro_confiante,0.7027009725570679,0.4054019451141358,False,0.6020474219743365,0.44085238137030575,True
