seed,branch,amostra,metrica,valor
7,mobilenet_orig,0,faithfulness,0.21483778953552246
7,mobilenet_orig,0,robustness,2.008002996444702
7,mobilenet_orig,0,complexity,0.4072146532885578
7,mobilenet_orig,1,faithfulness,0.16441822052001953
7,mobilenet_orig,1,robustness,1.7806708812713623
7,mobilenet_orig,1,complexity,0.3911413042509319
7,mobilenet_orig,2,faithfulness,-0.03718087822198868
7,mobilenet_orig,2,robustness,1.8597354888916016
7,mobilenet_orig,2,complexity,0.5009849638936513
7,mobilenet_orig,3,faithfulness,0.24048152565956116
7,mobilenet_orig,3,robustness,2.404479503631592
7,mobilenet_orig,3,complexity,0.4973527618694212
7,mobilenet_orig,4,faithfulness,0.27477917075157166
7,mobilenet_orig,4,robustness,1.150090217590332
7,mobilenet_orig,4,complexity,0.3984633512745843
7,mobilenet_orig,5,faithfulness,0.07082652300596237
7,mobilenet_orig,5,robustness,0.959942102432251
7,mobilenet_orig,5,complexity,0.3774962950426729
7,mobilenet_recplot,0,faithfulness,0.11201640218496323
7,mobilenet_recplot,0,robustness,2.2182629108428955
7,mobilenet_recplot,0,complexity,0.5190187672256185
7,mobilenet_recplot,1,faithfulness,0.3341904580593109
7,mobilenet_recplot,1,robustness,1.8203024864196777
7,mobilenet_recplot,1,complexity,0.3910750446793858
7,mobilenet_recplot,2,faithfulness,0.1507762372493744
7,mobilenet_recplot,2,robustness,2.6076509952545166
7,mobilenet_recplot,2,complexity,0.48782961211182807
7,mobilenet_recplot,3,faithfulness,0.47077706456184387
7,mobilenet_recplot,3,robustness,1.661440372467041
7,mobilenet_recplot,3,complexity,0.5126628658887403
7,mobilenet_recplot,4,faithfulness,0.21389250457286835
7,mobilenet_recplot,4,robustness,1.4251986742019653
7,mobilenet_recplot,4,complexity,0.424714859150646
7,mobilenet_recplot,5,faithfulness,0.1520977020263672
7,mobilenet_recplot,5,robustness,3.10209321975708
7,mobilenet_recplot,5,complexity,0.4657183688160864
7,effnet_orig,0,faithfulness,-0.08651585131883621
7,effnet_orig,0,robustness,1.0313090085983276
7,effnet_orig,0,complexity,0.2464636690999341
7,effnet_orig,1,faithfulness,0.24852436780929565
7,effnet_orig,1,robustness,0.4333983361721039
7,effnet_orig,1,complexity,0.38415198005108814
7,effnet_orig,2,faithfulness,-0.0010589202865958214
7,effnet_orig,2,robustness,0.6412392258644104
7,effnet_orig,2,complexity,0.3121553530302124
7,effnet_orig,3,faithfulness,0.09680481255054474
7,effnet_orig,3,robustness,1.1830939054489136
7,effnet_orig,3,complexity,0.36067143451147937
7,effnet_orig,4,faithfulness,-0.06664830446243286
7,effnet_orig,4,robustness,2.3188583850860596
7,effnet_orig,4,complexity,0.44648622737140864
7,effnet_orig,5,faithfulness,0.19620218873023987
7,effnet_orig,5,robustness,1.5431162118911743
7,effnet_orig,5,complexity,0.49765369035925083
7,effnet_recplot,0,faithfulness,0.15928123891353607
7,effnet_recplot,0,robustness,1.3212891817092896
7,effnet_recplot,0,complexity,0.09435219732419811
7,effnet_recplot,1,faithfulness,0.13091622292995453
7,effnet_recplot,1,robustness,1.9767476320266724
7,effnet_recplot,1,complexity,0.32546313387692516
7,effnet_recplot,2,faithfulness,0.4574841558933258
7,effnet_recplot,2,robustness,1.0070205926895142
7,effnet_recplot,2,complexity,0.41764341601867033
7,effnet_recplot,3,faithfulness,0.3598031997680664
7,effnet_recplot,3,robustness,2.279614210128784
7,effnet_recplot,3,complexity,0.12488187292544896
7,effnet_recplot,4,faithfulness,-0.0733860582113266
7,effnet_recplot,4,robustness,1.0041120052337646
7,effnet_recplot,4,complexity,0.5003732831725799
7,effnet_recplot,5,faithfulness,0.14359553158283234
7,effnet_recplot,5,robustness,1.0105867385864258
7,effnet_recplot,5,complexity,0.4624156977912678
12,mobilenet_orig,0,faithfulness,-0.04264482483267784
12,mobilenet_orig,0,robustness,1.616387963294983
12,mobilenet_orig,0,complexity,0.4543921615259117
12,mobilenet_orig,1,faithfulness,0.041760362684726715
12,mobilenet_orig,1,robustness,1.6781935691833496
12,mobilenet_orig,1,complexity,0.5078892423413925
12,mobilenet_orig,2,faithfulness,0.07852210849523544
12,mobilenet_orig,2,robustness,1.6131428480148315
12,mobilenet_orig,2,complexity,0.4661302269109397
12,mobilenet_orig,3,faithfulness,0.03133301064372063
12,mobilenet_orig,3,robustness,2.0892739295959473
12,mobilenet_orig,3,complexity,0.4311302861279975
12,mobilenet_orig,4,faithfulness,0.20945093035697937
12,mobilenet_orig,4,robustness,1.253448724746704
12,mobilenet_orig,4,complexity,0.3851456828743059
12,mobilenet_orig,5,faithfulness,0.14098483324050903
12,mobilenet_orig,5,robustness,1.0308798551559448
12,mobilenet_orig,5,complexity,0.49577780671821486
12,mobilenet_recplot,0,faithfulness,-0.11632347851991653
12,mobilenet_recplot,0,robustness,1.427303433418274
12,mobilenet_recplot,0,complexity,0.521189930613122
12,mobilenet_recplot,1,faithfulness,0.19822277128696442
12,mobilenet_recplot,1,robustness,3.1400344371795654
12,mobilenet_recplot,1,complexity,0.404167224132635
12,mobilenet_recplot,2,faithfulness,-0.10044334828853607
12,mobilenet_recplot,2,robustness,1.8315505981445312
12,mobilenet_recplot,2,complexity,0.48079021240375763
12,mobilenet_recplot,3,faithfulness,-0.08364719152450562
12,mobilenet_recplot,3,robustness,2.458552360534668
12,mobilenet_recplot,3,complexity,0.46499547804058083
12,mobilenet_recplot,4,faithfulness,-0.047276996076107025
12,mobilenet_recplot,4,robustness,1.8304970264434814
12,mobilenet_recplot,4,complexity,0.4949036284411136
12,mobilenet_recplot,5,faithfulness,0.18880534172058105
12,mobilenet_recplot,5,robustness,2.671206474304199
12,mobilenet_recplot,5,complexity,0.4433004149971569
12,effnet_orig,0,faithfulness,-0.16839537024497986
12,effnet_orig,0,robustness,1.8424508571624756
12,effnet_orig,0,complexity,0.35042184511430935
12,effnet_orig,1,faithfulness,0.11719515919685364
12,effnet_orig,1,robustness,1.1397172212600708
12,effnet_orig,1,complexity,0.39006309174318554
12,effnet_orig,2,faithfulness,-0.2738858759403229
12,effnet_orig,2,robustness,0.8916124701499939
12,effnet_orig,2,complexity,0.3231107413283561
12,effnet_orig,3,faithfulness,0.13286928832530975
12,effnet_orig,3,robustness,1.5728954076766968
12,effnet_orig,3,complexity,0.44787196865732576
12,effnet_orig,4,faithfulness,0.2769625782966614
12,effnet_orig,4,robustness,1.6383696794509888
12,effnet_orig,4,complexity,0.39794244094321884
12,effnet_orig,5,faithfulness,0.3311068117618561
12,effnet_orig,5,robustness,1.8437656164169312
12,effnet_orig,5,complexity,0.4070855634533886
12,effnet_recplot,0,faithfulness,0.35230308771133423
12,effnet_recplot,0,robustness,6.647640705108643
12,effnet_recplot,0,complexity,0.35184254813342153
12,effnet_recplot,1,faithfulness,0.0815969854593277
12,effnet_recplot,1,robustness,3.439997434616089
12,effnet_recplot,1,complexity,0.402480458908585
12,effnet_recplot,2,faithfulness,0.19081413745880127
12,effnet_recplot,2,robustness,1.023866057395935
12,effnet_recplot,2,complexity,0.13530530657546225
12,effnet_recplot,3,faithfulness,-0.06148231029510498
12,effnet_recplot,3,robustness,2.6639187335968018
12,effnet_recplot,3,complexity,0.23789783929216632
12,effnet_recplot,4,faithfulness,0.04376134276390076
12,effnet_recplot,4,robustness,2.5367164611816406
12,effnet_recplot,4,complexity,0.2995678781740303
12,effnet_recplot,5,faithfulness,0.2883584201335907
12,effnet_recplot,5,robustness,4.5675272941589355
12,effnet_recplot,5,complexity,0.3548878306822418
42,mobilenet_orig,0,faithfulness,-0.09005112946033478
42,mobilenet_orig,0,robustness,1.58234703540802
42,mobilenet_orig,0,complexity,0.4461685081547477
42,mobilenet_orig,1,faithfulness,0.07563116401433945
42,mobilenet_orig,1,robustness,1.877087950706482
42,mobilenet_orig,1,complexity,0.502728197995614
42,mobilenet_orig,2,faithfulness,0.2064063400030136
42,mobilenet_orig,2,robustness,1.8846839666366577
42,mobilenet_orig,2,complexity,0.4372978733411051
42,mobilenet_orig,3,faithfulness,0.4200882315635681
42,mobilenet_orig,3,robustness,1.6973021030426025
42,mobilenet_orig,3,complexity,0.4068019653682258
42,mobilenet_orig,4,faithfulness,0.12356482446193695
42,mobilenet_orig,4,robustness,1.8092377185821533
42,mobilenet_orig,4,complexity,0.46103349140648325
42,mobilenet_orig,5,faithfulness,-0.051024314016103745
42,mobilenet_orig,5,robustness,1.1826255321502686
42,mobilenet_orig,5,complexity,0.41914498351943646
42,mobilenet_recplot,0,faithfulness,0.36222562193870544
42,mobilenet_recplot,0,robustness,3.0390024185180664
42,mobilenet_recplot,0,complexity,0.44271015473102826
42,mobilenet_recplot,1,faithfulness,0.15194262564182281
42,mobilenet_recplot,1,robustness,2.8660123348236084
42,mobilenet_recplot,1,complexity,0.4380805711056507
42,mobilenet_recplot,2,faithfulness,0.15521788597106934
42,mobilenet_recplot,2,robustness,1.506289005279541
42,mobilenet_recplot,2,complexity,0.6097726560738466
42,mobilenet_recplot,3,faithfulness,0.27575168013572693
42,mobilenet_recplot,3,robustness,1.9626891613006592
42,mobilenet_recplot,3,complexity,0.46642035563783385
42,mobilenet_recplot,4,faithfulness,0.38198116421699524
42,mobilenet_recplot,4,robustness,1.3095375299453735
42,mobilenet_recplot,4,complexity,0.5312034599972071
42,mobilenet_recplot,5,faithfulness,0.3224391043186188
42,mobilenet_recplot,5,robustness,2.413806676864624
42,mobilenet_recplot,5,complexity,0.5681580357957775
42,effnet_orig,0,faithfulness,-0.0453084371984005
42,effnet_orig,0,robustness,0.4712182581424713
42,effnet_orig,0,complexity,0.16906859586965722
42,effnet_orig,1,faithfulness,0.19845011830329895
42,effnet_orig,1,robustness,0.7861719727516174
42,effnet_orig,1,complexity,0.47677506756989446
42,effnet_orig,2,faithfulness,0.42189908027648926
42,effnet_orig,2,robustness,0.6679607033729553
42,effnet_orig,2,complexity,0.37607422484635183
42,effnet_orig,3,faithfulness,0.20391029119491577
42,effnet_orig,3,robustness,1.0568268299102783
42,effnet_orig,3,complexity,0.3747484282752397
42,effnet_orig,4,faithfulness,-0.07652102410793304
42,effnet_orig,4,robustness,1.6852924823760986
42,effnet_orig,4,complexity,0.4587909088840154
42,effnet_orig,5,faithfulness,-0.04120687395334244
42,effnet_orig,5,robustness,1.8656706809997559
42,effnet_orig,5,complexity,0.4407891528646814
42,effnet_recplot,0,faithfulness,0.10110983997583389
42,effnet_recplot,0,robustness,2.502492904663086
42,effnet_recplot,0,complexity,0.1769071109705139
42,effnet_recplot,1,faithfulness,0.08486920595169067
42,effnet_recplot,1,robustness,1.2660714387893677
42,effnet_recplot,1,complexity,0.19568806335814878
42,effnet_recplot,2,faithfulness,0.27272599935531616
42,effnet_recplot,2,robustness,1.379552960395813
42,effnet_recplot,2,complexity,0.44220732313205624
42,effnet_recplot,3,faithfulness,-0.10686085373163223
42,effnet_recplot,3,robustness,1.090306282043457
42,effnet_recplot,3,complexity,0.10179747867333847
42,effnet_recplot,4,faithfulness,0.047769419848918915
42,effnet_recplot,4,robustness,2.976203441619873
42,effnet_recplot,4,complexity,0.4524857778792343
42,effnet_recplot,5,faithfulness,0.28454041481018066
42,effnet_recplot,5,robustness,2.667281150817871
42,effnet_recplot,5,complexity,0.4419866917851226
65,mobilenet_orig,0,faithfulness,0.2624281644821167
65,mobilenet_orig,0,robustness,1.9439023733139038
65,mobilenet_orig,0,complexity,0.47020054456699273
65,mobilenet_orig,1,faithfulness,0.23569583892822266
65,mobilenet_orig,1,robustness,1.4658128023147583
65,mobilenet_orig,1,complexity,0.44514811953038524
65,mobilenet_orig,2,faithfulness,0.4748691916465759
65,mobilenet_orig,2,robustness,1.387017846107483
65,mobilenet_orig,2,complexity,0.5230768067373902
65,mobilenet_orig,3,faithfulness,0.18932880461215973
65,mobilenet_orig,3,robustness,1.0799299478530884
65,mobilenet_orig,3,complexity,0.46105488337545675
65,mobilenet_orig,4,faithfulness,-0.005282074213027954
65,mobilenet_orig,4,robustness,1.6550897359848022
65,mobilenet_orig,4,complexity,0.4032822853065386
65,mobilenet_orig,5,faithfulness,0.3206459581851959
65,mobilenet_orig,5,robustness,1.3115824460983276
65,mobilenet_orig,5,complexity,0.44598476163696527
65,mobilenet_recplot,0,faithfulness,0.05935920029878616
65,mobilenet_recplot,0,robustness,3.3700060844421387
65,mobilenet_recplot,0,complexity,0.4262864571435191
65,mobilenet_recplot,1,faithfulness,0.20027044415473938
65,mobilenet_recplot,1,robustness,4.233733654022217
65,mobilenet_recplot,1,complexity,0.46071988361653515
65,mobilenet_recplot,2,faithfulness,0.19737808406352997
65,mobilenet_recplot,2,robustness,1.6486433744430542
65,mobilenet_recplot,2,complexity,0.5130866258309352
65,mobilenet_recplot,3,faithfulness,0.14575380086898804
65,mobilenet_recplot,3,robustness,2.524972438812256
65,mobilenet_recplot,3,complexity,0.47793569492134863
65,mobilenet_recplot,4,faithfulness,-0.2365036904811859
65,mobilenet_recplot,4,robustness,1.3756474256515503
65,mobilenet_recplot,4,complexity,0.5241667563306478
65,mobilenet_recplot,5,faithfulness,0.09576265513896942
65,mobilenet_recplot,5,robustness,1.8071162700653076
65,mobilenet_recplot,5,complexity,0.5350151467770213
65,effnet_orig,0,faithfulness,0.0638008862733841
65,effnet_orig,0,robustness,1.0732311010360718
65,effnet_orig,0,complexity,0.38702931959737485
65,effnet_orig,1,faithfulness,-0.08849969506263733
65,effnet_orig,1,robustness,1.0060384273529053
65,effnet_orig,1,complexity,0.478125002943769
65,effnet_orig,2,faithfulness,-0.06105827912688255
65,effnet_orig,2,robustness,0.8505905866622925
65,effnet_orig,2,complexity,0.3432923595906574
65,effnet_orig,3,faithfulness,0.22188293933868408
65,effnet_orig,3,robustness,1.279327392578125
65,effnet_orig,3,complexity,0.47154214315935244
65,effnet_orig,4,faithfulness,0.3315797448158264
65,effnet_orig,4,robustness,1.3031160831451416
65,effnet_orig,4,complexity,0.3735634044765454
65,effnet_orig,5,faithfulness,0.35631364583969116
65,effnet_orig,5,robustness,1.320911169052124
65,effnet_orig,5,complexity,0.4239097946154808
65,effnet_recplot,0,faithfulness,0.027451053261756897
65,effnet_recplot,0,robustness,2.9070191383361816
65,effnet_recplot,0,complexity,0.3340595817628707
65,effnet_recplot,1,faithfulness,-0.10318686813116074
65,effnet_recplot,1,robustness,2.955216646194458
65,effnet_recplot,1,complexity,0.19256100802713413
65,effnet_recplot,2,faithfulness,0.11813191324472427
65,effnet_recplot,2,robustness,2.1437768936157227
65,effnet_recplot,2,complexity,0.12015014573204261
65,effnet_recplot,3,faithfulness,0.16985389590263367
65,effnet_recplot,3,robustness,1.6594585180282593
65,effnet_recplot,3,complexity,0.3113758395242797
65,effnet_recplot,4,faithfulness,0.20982785522937775
65,effnet_recplot,4,robustness,1.5652204751968384
65,effnet_recplot,4,complexity,0.3267307997129629
65,effnet_recplot,5,faithfulness,0.007958095520734787
65,effnet_recplot,5,robustness,1.1164294481277466
65,effnet_recplot,5,complexity,0.24413233519665434
87,mobilenet_orig,0,faithfulness,0.05238416790962219
87,mobilenet_orig,0,robustness,2.3679776191711426
87,mobilenet_orig,0,complexity,0.4310310672987374
87,mobilenet_orig,1,faithfulness,0.030103057622909546
87,mobilenet_orig,1,robustness,3.3232080936431885
87,mobilenet_orig,1,complexity,0.47198499234375385
87,mobilenet_orig,2,faithfulness,-0.09932984411716461
87,mobilenet_orig,2,robustness,2.1565849781036377
87,mobilenet_orig,2,complexity,0.4705418927670832
87,mobilenet_orig,3,faithfulness,0.12151303887367249
87,mobilenet_orig,3,robustness,2.457425832748413
87,mobilenet_orig,3,complexity,0.4894760262366289
87,mobilenet_orig,4,faithfulness,0.19220326840877533
87,mobilenet_orig,4,robustness,1.383072018623352
87,mobilenet_orig,4,complexity,0.404364852483317
87,mobilenet_orig,5,faithfulness,0.1049058809876442
87,mobilenet_orig,5,robustness,1.2597761154174805
87,mobilenet_orig,5,complexity,0.39395320445646403
87,mobilenet_recplot,0,faithfulness,-0.2389531135559082
87,mobilenet_recplot,0,robustness,3.081204891204834
87,mobilenet_recplot,0,complexity,0.40617285172078643
87,mobilenet_recplot,1,faithfulness,-0.05082792788743973
87,mobilenet_recplot,1,robustness,2.161135196685791
87,mobilenet_recplot,1,complexity,0.45915715595649514
87,mobilenet_recplot,2,faithfulness,0.12953037023544312
87,mobilenet_recplot,2,robustness,2.5266053676605225
87,mobilenet_recplot,2,complexity,0.4468668960870567
87,mobilenet_recplot,3,faithfulness,0.27747875452041626
87,mobilenet_recplot,3,robustness,2.558573007583618
87,mobilenet_recplot,3,complexity,0.4467790336577435
87,mobilenet_recplot,4,faithfulness,0.18809573352336884
87,mobilenet_recplot,4,robustness,1.2535899877548218
87,mobilenet_recplot,4,complexity,0.5597950771833393
87,mobilenet_recplot,5,faithfulness,0.4301407039165497
87,mobilenet_recplot,5,robustness,2.141869306564331
87,mobilenet_recplot,5,complexity,0.5260870318940686
87,effnet_orig,0,faithfulness,0.1827702820301056
87,effnet_orig,0,robustness,0.6622857451438904
87,effnet_orig,0,complexity,0.2503860865327524
87,effnet_orig,1,faithfulness,-0.17208382487297058
87,effnet_orig,1,robustness,1.2783615589141846
87,effnet_orig,1,complexity,0.49648455479744413
87,effnet_orig,2,faithfulness,0.03730633854866028
87,effnet_orig,2,robustness,0.9153940677642822
87,effnet_orig,2,complexity,0.42321961949209674
87,effnet_orig,3,faithfulness,0.18769483268260956
87,effnet_orig,3,robustness,2.6805660724639893
87,effnet_orig,3,complexity,0.4258083659825187
87,effnet_orig,4,faithfulness,0.09607094526290894
87,effnet_orig,4,robustness,3.5648927688598633
87,effnet_orig,4,complexity,0.5373745106790525
87,effnet_orig,5,faithfulness,0.044336557388305664
87,effnet_orig,5,robustness,3.1937813758850098
87,effnet_orig,5,complexity,0.33566236812834455
87,effnet_recplot,0,faithfulness,0.28935423493385315
87,effnet_recplot,0,robustness,1.4541032314300537
87,effnet_recplot,0,complexity,0.41531401905930465
87,effnet_recplot,1,faithfulness,-0.04378703236579895
87,effnet_recplot,1,robustness,1.3509238958358765
87,effnet_recplot,1,complexity,0.18021239824880733
87,effnet_recplot,2,faithfulness,-0.03663168102502823
87,effnet_recplot,2,robustness,1.8322302103042603
87,effnet_recplot,2,complexity,0.2567578311845881
87,effnet_recplot,3,faithfulness,0.1827278733253479
87,effnet_recplot,3,robustness,1.6938296556472778
87,effnet_recplot,3,complexity,0.17566652964420273
87,effnet_recplot,4,faithfulness,0.14414577186107635
87,effnet_recplot,4,robustness,5.879481792449951
87,effnet_recplot,4,complexity,0.385020038254344
87,effnet_recplot,5,faithfulness,0.09611750394105911
87,effnet_recplot,5,robustness,4.9540534019470215
87,effnet_recplot,5,complexity,0.3773257557505101
93,mobilenet_orig,0,faithfulness,0.123633973300457
93,mobilenet_orig,0,robustness,2.1636974811553955
93,mobilenet_orig,0,complexity,0.4503529941160771
93,mobilenet_orig,1,faithfulness,0.24207894504070282
93,mobilenet_orig,1,robustness,3.0346617698669434
93,mobilenet_orig,1,complexity,0.43572488558834965
93,mobilenet_orig,2,faithfulness,0.3262309730052948
93,mobilenet_orig,2,robustness,3.1406590938568115
93,mobilenet_orig,2,complexity,0.5012139655288067
93,mobilenet_orig,3,faithfulness,-0.2314150184392929
93,mobilenet_orig,3,robustness,1.6916829347610474
93,mobilenet_orig,3,complexity,0.5451974858719769
93,mobilenet_orig,4,faithfulness,0.2131505012512207
93,mobilenet_orig,4,robustness,1.9966257810592651
93,mobilenet_orig,4,complexity,0.460046163760222
93,mobilenet_orig,5,faithfulness,0.15327610075473785
93,mobilenet_orig,5,robustness,1.4959075450897217
93,mobilenet_orig,5,complexity,0.5603235323893011
93,mobilenet_recplot,0,faithfulness,-0.13659320771694183
93,mobilenet_recplot,0,robustness,2.352940559387207
93,mobilenet_recplot,0,complexity,0.4751778133371777
93,mobilenet_recplot,1,faithfulness,0.2367892563343048
93,mobilenet_recplot,1,robustness,1.2649897336959839
93,mobilenet_recplot,1,complexity,0.4527067980406153
93,mobilenet_recplot,2,faithfulness,0.0024584531784057617
93,mobilenet_recplot,2,robustness,1.8204478025436401
93,mobilenet_recplot,2,complexity,0.5969496390669401
93,mobilenet_recplot,3,faithfulness,0.20257580280303955
93,mobilenet_recplot,3,robustness,1.3557400703430176
93,mobilenet_recplot,3,complexity,0.4517248241986611
93,mobilenet_recplot,4,faithfulness,0.3911888003349304
93,mobilenet_recplot,4,robustness,1.1457992792129517
93,mobilenet_recplot,4,complexity,0.6409759616656054
93,mobilenet_recplot,5,faithfulness,0.07007558643817902
93,mobilenet_recplot,5,robustness,1.9337059259414673
93,mobilenet_recplot,5,complexity,0.5998769452471665
93,effnet_orig,0,faithfulness,0.03054869920015335
93,effnet_orig,0,robustness,2.14536190032959
93,effnet_orig,0,complexity,0.41941363368567747
93,effnet_orig,1,faithfulness,0.18972069025039673
93,effnet_orig,1,robustness,1.399649739265442
93,effnet_orig,1,complexity,0.4255773229340157
93,effnet_orig,2,faithfulness,0.034978874027729034
93,effnet_orig,2,robustness,0.9131430983543396
93,effnet_orig,2,complexity,0.4047323623366221
93,effnet_orig,3,faithfulness,-0.13507606089115143
93,effnet_orig,3,robustness,1.1868138313293457
93,effnet_orig,3,complexity,0.4273862186057353
93,effnet_orig,4,faithfulness,0.504888117313385
93,effnet_orig,4,robustness,1.4987903833389282
93,effnet_orig,4,complexity,0.3691701155728528
93,effnet_orig,5,faithfulness,-0.1338321715593338
93,effnet_orig,5,robustness,1.5908267498016357
93,effnet_orig,5,complexity,0.4079951804145048
93,effnet_recplot,0,faithfulness,-0.22772663831710815
93,effnet_recplot,0,robustness,1.5887839794158936
93,effnet_recplot,0,complexity,0.11352634071623283
93,effnet_recplot,1,faithfulness,0.030915312469005585
93,effnet_recplot,1,robustness,9.42349910736084
93,effnet_recplot,1,complexity,0.4039620354307964
93,effnet_recplot,2,faithfulness,0.13930438458919525
93,effnet_recplot,2,robustness,2.361140251159668
93,effnet_recplot,2,complexity,0.3488619542873705
93,effnet_recplot,3,faithfulness,-0.061433568596839905
93,effnet_recplot,3,robustness,6.880027770996094
93,effnet_recplot,3,complexity,0.32153574428030135
93,effnet_recplot,4,faithfulness,0.5057584643363953
93,effnet_recplot,4,robustness,2.1945369243621826
93,effnet_recplot,4,complexity,0.456322485315526
93,effnet_recplot,5,faithfulness,0.43690025806427
93,effnet_recplot,5,robustness,1.9569392204284668
93,effnet_recplot,5,complexity,0.5145918887435537
107,mobilenet_orig,0,faithfulness,-0.05445639789104462
107,mobilenet_orig,0,robustness,2.5451953411102295
107,mobilenet_orig,0,complexity,0.40827775836543406
107,mobilenet_orig,1,faithfulness,0.06757643818855286
107,mobilenet_orig,1,robustness,1.9956245422363281
107,mobilenet_orig,1,complexity,0.3954047299178435
107,mobilenet_orig,2,faithfulness,0.23685172200202942
107,mobilenet_orig,2,robustness,1.5904661417007446
107,mobilenet_orig,2,complexity,0.6000471328968485
107,mobilenet_orig,3,faithfulness,0.490937739610672
107,mobilenet_orig,3,robustness,1.6076050996780396
107,mobilenet_orig,3,complexity,0.5267588283492947
107,mobilenet_orig,4,faithfulness,0.12886756658554077
107,mobilenet_orig,4,robustness,1.4539368152618408
107,mobilenet_orig,4,complexity,0.4728403331893298
107,mobilenet_orig,5,faithfulness,0.13662070035934448
107,mobilenet_orig,5,robustness,1.6054210662841797
107,mobilenet_orig,5,complexity,0.49101955850631485
107,mobilenet_recplot,0,faithfulness,0.08355080336332321
107,mobilenet_recplot,0,robustness,1.6256921291351318
107,mobilenet_recplot,0,complexity,0.5130538102766684
107,mobilenet_recplot,1,faithfulness,-0.3872498869895935
107,mobilenet_recplot,1,robustness,1.9903051853179932
107,mobilenet_recplot,1,complexity,0.4158223908575793
107,mobilenet_recplot,2,faithfulness,0.012562621384859085
107,mobilenet_recplot,2,robustness,1.443491816520691
107,mobilenet_recplot,2,complexity,0.5446419707005736
107,mobilenet_recplot,3,faithfulness,0.23301991820335388
107,mobilenet_recplot,3,robustness,2.4343836307525635
107,mobilenet_recplot,3,complexity,0.4482085668683447
107,mobilenet_recplot,4,faithfulness,-0.10743467509746552
107,mobilenet_recplot,4,robustness,1.1192747354507446
107,mobilenet_recplot,4,complexity,0.5174875050085019
107,mobilenet_recplot,5,faithfulness,0.2853490114212036
107,mobilenet_recplot,5,robustness,1.9314314126968384
107,mobilenet_recplot,5,complexity,0.6146836899808167
107,effnet_orig,0,faithfulness,-0.07352390885353088
107,effnet_orig,0,robustness,1.2680264711380005
107,effnet_orig,0,complexity,0.2608605207204642
107,effnet_orig,1,faithfulness,-0.3118666112422943
107,effnet_orig,1,robustness,0.5648752450942993
107,effnet_orig,1,complexity,0.4983769201048261
107,effnet_orig,2,faithfulness,-0.05111880600452423
107,effnet_orig,2,robustness,1.0805155038833618
107,effnet_orig,2,complexity,0.36923574265822334
107,effnet_orig,3,faithfulness,0.254993736743927
107,effnet_orig,3,robustness,2.15574049949646
107,effnet_orig,3,complexity,0.39699506367311227
107,effnet_orig,4,faithfulness,0.07265233993530273
107,effnet_orig,4,robustness,2.7594666481018066
107,effnet_orig,4,complexity,0.4090870992796148
107,effnet_orig,5,faithfulness,-0.13545972108840942
107,effnet_orig,5,robustness,2.1184816360473633
107,effnet_orig,5,complexity,0.3905598376164388
107,effnet_recplot,0,faithfulness,0.3768189251422882
107,effnet_recplot,0,robustness,1.0542590618133545
107,effnet_recplot,0,complexity,0.27249031934815965
107,effnet_recplot,1,faithfulness,0.2255369871854782
107,effnet_recplot,1,robustness,1.2816981077194214
107,effnet_recplot,1,complexity,0.3778219144114778
107,effnet_recplot,2,faithfulness,0.17782874405384064
107,effnet_recplot,2,robustness,1.7058799266815186
107,effnet_recplot,2,complexity,0.4809379073630947
107,effnet_recplot,3,faithfulness,-0.26673179864883423
107,effnet_recplot,3,robustness,3.1186065673828125
107,effnet_recplot,3,complexity,0.42515108764180404
107,effnet_recplot,4,faithfulness,0.05445089936256409
107,effnet_recplot,4,robustness,1.5990338325500488
107,effnet_recplot,4,complexity,0.30208169649836114
107,effnet_recplot,5,faithfulness,0.47438105940818787
107,effnet_recplot,5,robustness,2.9889516830444336
107,effnet_recplot,5,complexity,0.5087863588634147
121,mobilenet_orig,0,faithfulness,0.20383253693580627
121,mobilenet_orig,0,robustness,2.016695737838745
121,mobilenet_orig,0,complexity,0.3826023724455683
121,mobilenet_orig,1,faithfulness,0.003996897488832474
121,mobilenet_orig,1,robustness,1.8993051052093506
121,mobilenet_orig,1,complexity,0.4677229992186524
121,mobilenet_orig,2,faithfulness,0.16818104684352875
121,mobilenet_orig,2,robustness,1.6959832906723022
121,mobilenet_orig,2,complexity,0.48551397548266106
121,mobilenet_orig,3,faithfulness,0.19756290316581726
121,mobilenet_orig,3,robustness,1.7308238744735718
121,mobilenet_orig,3,complexity,0.4406505323259048
121,mobilenet_orig,4,faithfulness,-0.09991705417633057
121,mobilenet_orig,4,robustness,1.1203539371490479
121,mobilenet_orig,4,complexity,0.4650154736317096
121,mobilenet_orig,5,faithfulness,-0.036137647926807404
121,mobilenet_orig,5,robustness,1.1785070896148682
121,mobilenet_orig,5,complexity,0.47181253088775393
121,mobilenet_recplot,0,faithfulness,0.17157667875289917
121,mobilenet_recplot,0,robustness,1.8907257318496704
121,mobilenet_recplot,0,complexity,0.40104100293632783
121,mobilenet_recplot,1,faithfulness,-0.301530122756958
121,mobilenet_recplot,1,robustness,3.047290563583374
121,mobilenet_recplot,1,complexity,0.4521841646954488
121,mobilenet_recplot,2,faithfulness,-0.1133398562669754
121,mobilenet_recplot,2,robustness,1.4437814950942993
121,mobilenet_recplot,2,complexity,0.524547581477589
121,mobilenet_recplot,3,faithfulness,0.4547387361526489
121,mobilenet_recplot,3,robustness,2.888633966445923
121,mobilenet_recplot,3,complexity,0.39975254498393986
121,mobilenet_recplot,4,faithfulness,0.33683446049690247
121,mobilenet_recplot,4,robustness,1.1825661659240723
121,mobilenet_recplot,4,complexity,0.4574771356277165
121,mobilenet_recplot,5,faithfulness,0.4525253176689148
121,mobilenet_recplot,5,robustness,2.587942600250244
121,mobilenet_recplot,5,complexity,0.4853796978137808
121,effnet_orig,0,faithfulness,0.17690256237983704
121,effnet_orig,0,robustness,2.440096378326416
121,effnet_orig,0,complexity,0.4826007310356441
121,effnet_orig,1,faithfulness,-0.15259923040866852
121,effnet_orig,1,robustness,0.6945706009864807
121,effnet_orig,1,complexity,0.4873039872033686
121,effnet_orig,2,faithfulness,-0.08840376883745193
121,effnet_orig,2,robustness,0.7402000427246094
121,effnet_orig,2,complexity,0.33765836911704483
121,effnet_orig,3,faithfulness,-0.063630610704422
121,effnet_orig,3,robustness,0.7036424875259399
121,effnet_orig,3,complexity,0.3030476822142149
121,effnet_orig,4,faithfulness,0.3221096396446228
121,effnet_orig,4,robustness,1.7847610712051392
121,effnet_orig,4,complexity,0.4750541157052197
121,effnet_orig,5,faithfulness,0.07649895548820496
121,effnet_orig,5,robustness,1.3496676683425903
121,effnet_orig,5,complexity,0.4142221297270921
121,effnet_recplot,0,faithfulness,0.2720383405685425
121,effnet_recplot,0,robustness,2.808684825897217
121,effnet_recplot,0,complexity,0.35753614884298446
121,effnet_recplot,1,faithfulness,0.13760045170783997
121,effnet_recplot,1,robustness,1.527547836303711
121,effnet_recplot,1,complexity,0.44236804676687697
121,effnet_recplot,2,faithfulness,0.3032960891723633
121,effnet_recplot,2,robustness,2.244704008102417
121,effnet_recplot,2,complexity,0.4413860163410094
121,effnet_recplot,3,faithfulness,0.009053651243448257
121,effnet_recplot,3,robustness,3.5370256900787354
121,effnet_recplot,3,complexity,0.4248851668934639
121,effnet_recplot,4,faithfulness,0.262320339679718
121,effnet_recplot,4,robustness,1.2031465768814087
121,effnet_recplot,4,complexity,0.4235473260888299
121,effnet_recplot,5,faithfulness,0.3030998110771179
121,effnet_recplot,5,robustness,1.1768224239349365
121,effnet_recplot,5,complexity,0.3820818798914713
